iteration,model,hp,dim_method,do_scale,filter_ok,n_pca,other_cols,dataset_size,confusion_matrix,accuracy,precision,recall,f1,kappa,kappa_std,score,kappa_nonzero
82,RF,"{'n_estimators': 500, 'max_depth': 10, 'min_samples_split': 2, 'max_features': 'log2'}",pca,False,True,5,"['relationExtrusionWeight', 'drugConcentration']",61,"[[12, 5], [6, 6]]",0.6398046398046398,0.648148148148148,0.6579365079365079,0.6233946608946609,0.27267041901188244,0.170317714356085,0.10235270465579743,1
823,ET,"{'n_estimators': 200, 'max_depth': None, 'min_samples_split': 5, 'max_features': 'log2'}",pca,False,True,10,['relationExtrusionWeight'],61,"[[15, 2], [9, 3]]",0.6389906389906389,0.6,0.5817460317460318,0.5569114980879687,0.18984998069965384,0.32846086027418786,-0.13861087957453402,1
872,RF,"{'n_estimators': 500, 'max_depth': None, 'min_samples_split': 5, 'max_features': 0.5}",pca,False,True,15,['relationExtrusionWeight'],61,"[[14, 3], [8, 4]]",0.6389906389906389,0.5722222222222222,0.6317460317460317,0.5757667169431875,0.22565560729811932,0.3727995360423504,-0.14714392874423107,1
839,ET,"{'n_estimators': 300, 'max_depth': 30, 'min_samples_split': 2, 'max_features': 'sqrt'}",pca,False,True,5,[],66,"[[17, 4], [8, 3]]",0.6238095238095238,0.6316498316498316,0.5079365079365079,0.5180555555555556,0.10795087265675503,0.26347207405684353,-0.15552120140008852,1
49,RF,"{'n_estimators': 100, 'max_depth': 5, 'min_samples_split': 10, 'max_features': 'log2'}",pca,True,True,15,"['relationExtrusionWeight', 'drugConcentration']",61,"[[14, 3], [9, 3]]",0.6133496133496132,0.5353535353535354,0.6039682539682539,0.5368233618233618,0.16814531923227571,0.38578398709019757,-0.21763866785792185,1
202,RF,"{'n_estimators': 100, 'max_depth': 5, 'min_samples_split': 2, 'max_features': 0.5}",pca,False,True,20,['relationExtrusionWeight'],61,"[[11, 6], [8, 4]]",0.5400895400895401,0.48333333333333334,0.5507936507936508,0.48817016317016315,0.04964556771785692,0.2953322023254558,-0.2456866346075989,1
136,RF,"{'n_estimators': 200, 'max_depth': 20, 'min_samples_split': 2, 'max_features': 'sqrt'}",pca,False,True,20,['relationExtrusionWeight'],61,"[[12, 5], [8, 4]]",0.5877085877085877,0.5111111111111111,0.5841269841269842,0.5335405335405335,0.12768347184271756,0.40458306317266096,-0.2768995913299434,1
700,RF,"{'n_estimators': 100, 'max_depth': 5, 'min_samples_split': 10, 'max_features': 'log2'}",pca,True,True,20,"['relationExtrusionWeight', 'drugConcentration']",61,"[[11, 6], [8, 4]]",0.562067562067562,0.4880952380952381,0.5603174603174603,0.511029711029711,0.08044690653386304,0.4351075067596608,-0.35466060022579776,1
3,NN,"{'hidden_layer_sizes': (256,), 'activation': 'relu', 'alpha': 0.01, 'learning_rate_init': 0.0005, 'max_iter': 1000, 'early_stopping': False}",pca,False,True,20,[],66,"[[20, 1], [9, 2]]",0.7154761904761905,0.464520202020202,0.5238095238095238,0.4705882352941176,,,,0
5,NN,"{'hidden_layer_sizes': (64,), 'activation': 'relu', 'alpha': 0.0001, 'learning_rate_init': 0.0001, 'max_iter': 1000, 'early_stopping': False}",freq,False,True,N/A,[],66,"[[21, 0], [11, 0]]",0.6916666666666668,0.3458333333333334,0.5,0.40392156862745093,,,,0
9,ET,"{'n_estimators': 500, 'max_depth': 5, 'min_samples_split': 2, 'max_features': 0.5}",freq,True,True,N/A,[],66,"[[21, 0], [9, 2]]",0.7392857142857143,0.5263888888888889,0.5476190476190476,0.48969154913427354,,,,0
12,NN,"{'hidden_layer_sizes': (128,), 'activation': 'tanh', 'alpha': 0.0001, 'learning_rate_init': 0.001, 'max_iter': 1000, 'early_stopping': False}",freq,False,True,N/A,[],66,"[[21, 0], [11, 0]]",0.6916666666666668,0.3458333333333334,0.5,0.40392156862745093,,,,0
13,NN,"{'hidden_layer_sizes': (128,), 'activation': 'tanh', 'alpha': 0.001, 'learning_rate_init': 0.0005, 'max_iter': 1000, 'early_stopping': False}",pca,True,True,10,[],66,"[[20, 1], [9, 2]]",0.7154761904761905,0.464520202020202,0.5238095238095238,0.4705882352941176,,,,0
16,SVM,"{'C': 0.1, 'kernel': 'rbf', 'gamma': 'scale'}",pca,False,True,20,[],66,"[[21, 0], [11, 0]]",0.6916666666666668,0.3458333333333334,0.5,0.40392156862745093,,,,0
17,SVM,"{'C': 1, 'kernel': 'rbf', 'gamma': 'auto'}",pca,False,True,5,[],66,"[[21, 0], [11, 0]]",0.6916666666666668,0.3458333333333334,0.5,0.40392156862745093,,,,0
20,NN,"{'hidden_layer_sizes': (64, 64), 'activation': 'relu', 'alpha': 0.001, 'learning_rate_init': 0.001, 'max_iter': 1000, 'early_stopping': False}",freq,True,True,N/A,[],66,"[[18, 3], [8, 3]]",0.6916666666666668,0.4291666666666667,0.5,0.45862242332830566,,,,0
21,RF,"{'n_estimators': 300, 'max_depth': 5, 'min_samples_split': 10, 'max_features': 0.5}",freq,True,True,N/A,[],66,"[[18, 3], [11, 0]]",0.6202380952380953,0.32310606060606056,0.42857142857142855,0.36688453159041395,,,,0
22,SVM,"{'C': 0.1, 'kernel': 'rbf', 'gamma': 'scale'}",freq,False,True,N/A,['relationExtrusionWeight'],61,"[[17, 0], [12, 0]]",0.6027676027676027,0.30138380138380133,0.5,0.3746031746031746,,,,0
30,ET,"{'n_estimators': 500, 'max_depth': 30, 'min_samples_split': 10, 'max_features': 'log2'}",freq,True,True,N/A,[],66,"[[21, 0], [9, 2]]",0.7392857142857143,0.5263888888888889,0.5476190476190476,0.48969154913427354,,,,0
32,SVM,"{'C': 100, 'kernel': 'poly', 'gamma': 'scale'}",pca,False,True,15,[],66,"[[21, 0], [10, 1]]",0.7333333333333334,0.5333333333333333,0.6666666666666666,0.5816993464052287,,,,0
33,SVM,"{'C': 10, 'kernel': 'rbf', 'gamma': 'auto'}",freq,True,True,N/A,[],66,"[[16, 5], [9, 2]]",0.5726190476190477,0.4763888888888889,0.42857142857142855,0.4079922027290448,,,,0
34,NN,"{'hidden_layer_sizes': (256,), 'activation': 'relu', 'alpha': 0.0001, 'learning_rate_init': 0.0001, 'max_iter': 1000, 'early_stopping': False}",pca,True,True,15,[],66,"[[20, 1], [9, 2]]",0.7154761904761905,0.464520202020202,0.5238095238095238,0.4705882352941176,,,,0
35,SVM,"{'C': 100, 'kernel': 'poly', 'gamma': 'scale'}",,False,True,N/A,"['relationExtrusionWeight', 'drugConcentration']",61,"[[17, 0], [12, 0]]",0.6027676027676027,0.30138380138380133,0.5,0.3746031746031746,,,,0
38,SVM,"{'C': 100, 'kernel': 'rbf', 'gamma': 'scale'}",freq,False,True,N/A,[],66,"[[21, 0], [11, 0]]",0.6916666666666668,0.3458333333333334,0.5,0.40392156862745093,,,,0
39,ET,"{'n_estimators': 200, 'max_depth': 5, 'min_samples_split': 2, 'max_features': 'sqrt'}",freq,True,True,N/A,[],66,"[[21, 0], [9, 2]]",0.7392857142857143,0.5263888888888889,0.5476190476190476,0.48969154913427354,,,,0
41,NN,"{'hidden_layer_sizes': (64,), 'activation': 'relu', 'alpha': 0.0001, 'learning_rate_init': 0.001, 'max_iter': 1000, 'early_stopping': False}",freq,False,True,N/A,"['relationExtrusionWeight', 'drugConcentration']",61,"[[13, 4], [10, 2]]",0.5075295075295075,0.4045584045584045,0.5333333333333333,0.3746031746031746,,,,0
42,ET,"{'n_estimators': 300, 'max_depth': 10, 'min_samples_split': 5, 'max_features': 'sqrt'}",pca,True,True,20,[],66,"[[21, 0], [10, 1]]",0.7154761904761905,0.5189102564102565,0.5238095238095238,0.4511437908496732,,,,0
43,NN,"{'hidden_layer_sizes': (256, 256), 'activation': 'tanh', 'alpha': 0.0001, 'learning_rate_init': 0.0001, 'max_iter': 1000, 'early_stopping': False}",pca,True,True,10,[],66,"[[20, 1], [9, 2]]",0.7154761904761905,0.464520202020202,0.5238095238095238,0.4705882352941176,,,,0
44,ET,"{'n_estimators': 200, 'max_depth': 30, 'min_samples_split': 2, 'max_features': 0.5}",pca,True,True,10,[],66,"[[20, 1], [8, 3]]",0.7392857142857143,0.4875,0.5476190476190476,0.5013666072489602,,,,0
48,ET,"{'n_estimators': 100, 'max_depth': 10, 'min_samples_split': 5, 'max_features': 0.5}",freq,True,True,N/A,[],66,"[[18, 3], [9, 2]]",0.6678571428571428,0.40324074074074073,0.4761904761904762,0.4316993464052287,,,,0
50,ET,"{'n_estimators': 300, 'max_depth': 20, 'min_samples_split': 10, 'max_features': 'log2'}",freq,True,True,N/A,[],66,"[[21, 0], [9, 2]]",0.7392857142857143,0.5263888888888889,0.5476190476190476,0.48969154913427354,,,,0
51,SVM,"{'C': 100, 'kernel': 'poly', 'gamma': 'auto'}",freq,False,True,N/A,[],66,"[[21, 0], [11, 0]]",0.6916666666666668,0.3458333333333334,0.5,0.40392156862745093,,,,0
53,NN,"{'hidden_layer_sizes': (128,), 'activation': 'relu', 'alpha': 0.001, 'learning_rate_init': 0.0001, 'max_iter': 1000, 'early_stopping': False}",pca,True,True,5,[],66,"[[21, 0], [11, 0]]",0.6916666666666668,0.3458333333333334,0.5,0.40392156862745093,,,,0
54,SVM,"{'C': 100, 'kernel': 'poly', 'gamma': 'auto'}",,True,True,N/A,"['relationExtrusionWeight', 'drugConcentration']",61,"[[17, 0], [12, 0]]",0.6027676027676027,0.30138380138380133,0.5,0.3746031746031746,,,,0
55,ET,"{'n_estimators': 500, 'max_depth': 10, 'min_samples_split': 2, 'max_features': 'sqrt'}",pca,True,True,15,[],66,"[[20, 1], [8, 3]]",0.7392857142857143,0.4875,0.5476190476190476,0.5013666072489602,,,,0
57,NN,"{'hidden_layer_sizes': (64, 64), 'activation': 'tanh', 'alpha': 0.0001, 'learning_rate_init': 0.001, 'max_iter': 1000, 'early_stopping': False}",freq,False,True,N/A,[],66,"[[21, 0], [11, 0]]",0.6916666666666668,0.3458333333333334,0.5,0.40392156862745093,,,,0
64,ET,"{'n_estimators': 200, 'max_depth': 20, 'min_samples_split': 5, 'max_features': 0.5}",pca,True,True,10,[],66,"[[20, 1], [8, 3]]",0.7392857142857143,0.4875,0.5476190476190476,0.5013666072489602,,,,0
65,ET,"{'n_estimators': 100, 'max_depth': None, 'min_samples_split': 10, 'max_features': 'sqrt'}",,False,True,N/A,"['relationExtrusionWeight', 'drugConcentration']",61,"[[17, 0], [12, 0]]",0.6027676027676027,0.30138380138380133,0.5,0.3746031746031746,,,,0
69,ET,"{'n_estimators': 300, 'max_depth': None, 'min_samples_split': 10, 'max_features': 0.5}",pca,True,True,20,[],66,"[[21, 0], [11, 0]]",0.6916666666666668,0.3458333333333334,0.5,0.40392156862745093,,,,0
76,NN,"{'hidden_layer_sizes': (64, 64), 'activation': 'tanh', 'alpha': 0.01, 'learning_rate_init': 0.0005, 'max_iter': 1000, 'early_stopping': False}",pca,False,True,15,"['relationExtrusionWeight', 'drugConcentration']",61,"[[17, 0], [12, 0]]",0.6027676027676027,0.30138380138380133,0.5,0.3746031746031746,,,,0
81,SVM,"{'C': 0.1, 'kernel': 'poly', 'gamma': 'scale'}",freq,False,True,N/A,[],66,"[[21, 0], [11, 0]]",0.6916666666666668,0.3458333333333334,0.5,0.40392156862745093,,,,0
83,SVM,"{'C': 1, 'kernel': 'rbf', 'gamma': 'scale'}",pca,False,True,20,[],66,"[[21, 0], [11, 0]]",0.6916666666666668,0.3458333333333334,0.5,0.40392156862745093,,,,0
84,NN,"{'hidden_layer_sizes': (128, 128), 'activation': 'tanh', 'alpha': 0.0001, 'learning_rate_init': 0.0001, 'max_iter': 1000, 'early_stopping': False}",freq,True,True,N/A,[],66,"[[18, 3], [9, 2]]",0.6678571428571428,0.40324074074074073,0.4761904761904762,0.4316993464052287,,,,0
85,ET,"{'n_estimators': 300, 'max_depth': 30, 'min_samples_split': 10, 'max_features': 'sqrt'}",freq,True,True,N/A,[],66,"[[21, 0], [9, 2]]",0.7392857142857143,0.5263888888888889,0.5476190476190476,0.48969154913427354,,,,0
90,RF,"{'n_estimators': 500, 'max_depth': 5, 'min_samples_split': 2, 'max_features': 0.5}",,True,True,N/A,['relationExtrusionWeight'],61,"[[17, 0], [12, 0]]",0.6027676027676027,0.30138380138380133,0.5,0.3746031746031746,,,,0
91,NN,"{'hidden_layer_sizes': (256, 256), 'activation': 'relu', 'alpha': 0.0001, 'learning_rate_init': 0.0001, 'max_iter': 1000, 'early_stopping': False}",freq,True,True,N/A,[],66,"[[18, 3], [8, 3]]",0.6916666666666668,0.4291666666666667,0.5,0.45862242332830566,,,,0
92,NN,"{'hidden_layer_sizes': (256, 256), 'activation': 'relu', 'alpha': 0.001, 'learning_rate_init': 0.0001, 'max_iter': 1000, 'early_stopping': False}",freq,False,True,N/A,[],66,"[[18, 3], [8, 3]]",0.6916666666666668,0.4291666666666667,0.5,0.45862242332830566,,,,0
94,ET,"{'n_estimators': 300, 'max_depth': 20, 'min_samples_split': 5, 'max_features': 'sqrt'}",freq,True,True,N/A,[],66,"[[18, 3], [9, 2]]",0.6678571428571428,0.40324074074074073,0.4761904761904762,0.4316993464052287,,,,0
95,ET,"{'n_estimators': 100, 'max_depth': 30, 'min_samples_split': 5, 'max_features': 'log2'}",pca,True,True,15,['drugConcentration'],66,"[[20, 1], [8, 3]]",0.7392857142857143,0.4875,0.5476190476190476,0.5013666072489602,,,,0
101,SVM,"{'C': 1, 'kernel': 'poly', 'gamma': 'scale'}",pca,False,True,10,[],66,"[[21, 0], [11, 0]]",0.6916666666666668,0.3458333333333334,0.5,0.40392156862745093,,,,0
103,NN,"{'hidden_layer_sizes': (256, 256), 'activation': 'relu', 'alpha': 0.01, 'learning_rate_init': 0.001, 'max_iter': 1000, 'early_stopping': False}",freq,False,True,N/A,"['relationExtrusionWeight', 'drugConcentration']",61,"[[10, 7], [6, 6]]",0.5771265771265771,0.28856328856328856,0.5,0.3631996658312448,,,,0
104,RF,"{'n_estimators': 100, 'max_depth': 5, 'min_samples_split': 2, 'max_features': 'log2'}",pca,True,True,15,[],66,"[[20, 1], [8, 3]]",0.7392857142857143,0.4875,0.5476190476190476,0.5013666072489602,,,,0
105,ET,"{'n_estimators': 200, 'max_depth': 20, 'min_samples_split': 2, 'max_features': 0.5}",freq,True,True,N/A,[],66,"[[18, 3], [9, 2]]",0.6678571428571428,0.40324074074074073,0.4761904761904762,0.4316993464052287,,,,0
106,NN,"{'hidden_layer_sizes': (256,), 'activation': 'relu', 'alpha': 0.01, 'learning_rate_init': 0.001, 'max_iter': 1000, 'early_stopping': False}",pca,False,True,15,[],66,"[[21, 0], [11, 0]]",0.6916666666666668,0.3458333333333334,0.5,0.40392156862745093,,,,0
111,NN,"{'hidden_layer_sizes': (128, 128), 'activation': 'relu', 'alpha': 0.01, 'learning_rate_init': 0.0005, 'max_iter': 1000, 'early_stopping': False}",pca,False,True,15,['relationExtrusionWeight'],61,"[[10, 7], [6, 6]]",0.5771265771265771,0.28856328856328856,0.5,0.3631996658312448,,,,0
113,SVM,"{'C': 100, 'kernel': 'rbf', 'gamma': 'scale'}",pca,True,True,10,[],66,"[[20, 1], [9, 2]]",0.7154761904761905,0.464520202020202,0.5238095238095238,0.4705882352941176,,,,0
114,SVM,"{'C': 100, 'kernel': 'poly', 'gamma': 'auto'}",pca,False,True,20,[],66,"[[21, 0], [11, 0]]",0.6916666666666668,0.3458333333333334,0.5,0.40392156862745093,,,,0
118,RF,"{'n_estimators': 500, 'max_depth': 5, 'min_samples_split': 5, 'max_features': 'log2'}",freq,True,True,N/A,[],66,"[[18, 3], [11, 0]]",0.6202380952380953,0.32310606060606056,0.42857142857142855,0.36688453159041395,,,,0
120,ET,"{'n_estimators': 300, 'max_depth': 5, 'min_samples_split': 5, 'max_features': 'log2'}",freq,True,True,N/A,[],66,"[[21, 0], [10, 1]]",0.7154761904761905,0.5189102564102565,0.5238095238095238,0.4511437908496732,,,,0
127,RF,"{'n_estimators': 200, 'max_depth': 30, 'min_samples_split': 10, 'max_features': 'sqrt'}",freq,True,True,N/A,[],66,"[[18, 3], [11, 0]]",0.6202380952380953,0.32310606060606056,0.42857142857142855,0.36688453159041395,,,,0
128,SVM,"{'C': 100, 'kernel': 'rbf', 'gamma': 'scale'}",freq,True,True,N/A,[],66,"[[15, 6], [9, 2]]",0.5488095238095237,0.41452020202020196,0.4047619047619047,0.38888888888888884,,,,0
130,RF,"{'n_estimators': 300, 'max_depth': 5, 'min_samples_split': 2, 'max_features': 'log2'}",,False,True,N/A,['relationExtrusionWeight'],61,"[[17, 0], [12, 0]]",0.6027676027676027,0.30138380138380133,0.5,0.3746031746031746,,,,0
133,SVM,"{'C': 1, 'kernel': 'linear', 'gamma': 'scale'}",pca,False,True,10,[],66,"[[21, 0], [11, 0]]",0.6916666666666668,0.3458333333333334,0.5,0.40392156862745093,,,,0
134,NN,"{'hidden_layer_sizes': (64,), 'activation': 'relu', 'alpha': 0.0001, 'learning_rate_init': 0.0005, 'max_iter': 1000, 'early_stopping': False}",freq,False,True,N/A,[],66,"[[21, 0], [11, 0]]",0.6916666666666668,0.3458333333333334,0.5,0.40392156862745093,,,,0
135,RF,"{'n_estimators': 100, 'max_depth': 5, 'min_samples_split': 10, 'max_features': 0.5}",freq,True,True,N/A,[],66,"[[18, 3], [11, 0]]",0.6202380952380953,0.32310606060606056,0.42857142857142855,0.36688453159041395,,,,0
139,SVM,"{'C': 0.1, 'kernel': 'rbf', 'gamma': 'auto'}",freq,False,True,N/A,[],66,"[[21, 0], [11, 0]]",0.6916666666666668,0.3458333333333334,0.5,0.40392156862745093,,,,0
143,NN,"{'hidden_layer_sizes': (64, 64), 'activation': 'relu', 'alpha': 0.01, 'learning_rate_init': 0.001, 'max_iter': 1000, 'early_stopping': False}",pca,True,True,5,['relationExtrusionWeight'],61,"[[12, 5], [7, 5]]",0.5807895807895808,0.5300925925925926,0.6023809523809524,0.5115440115440115,,,,0
147,RF,"{'n_estimators': 100, 'max_depth': 20, 'min_samples_split': 2, 'max_features': 0.5}",pca,True,True,10,[],66,"[[20, 1], [8, 3]]",0.7392857142857143,0.4875,0.5476190476190476,0.5013666072489602,,,,0
152,NN,"{'hidden_layer_sizes': (64,), 'activation': 'tanh', 'alpha': 0.01, 'learning_rate_init': 0.001, 'max_iter': 1000, 'early_stopping': False}",pca,False,True,15,[],66,"[[21, 0], [11, 0]]",0.6916666666666668,0.3458333333333334,0.5,0.40392156862745093,,,,0
153,RF,"{'n_estimators': 200, 'max_depth': 20, 'min_samples_split': 5, 'max_features': 'log2'}",pca,True,True,20,[],66,"[[20, 1], [9, 2]]",0.7154761904761905,0.464520202020202,0.5238095238095238,0.4705882352941176,,,,0
154,RF,"{'n_estimators': 200, 'max_depth': 10, 'min_samples_split': 2, 'max_features': 'log2'}",pca,False,True,10,[],66,"[[20, 1], [8, 3]]",0.7392857142857143,0.4875,0.5476190476190476,0.5013666072489602,,,,0
164,SVM,"{'C': 0.1, 'kernel': 'poly', 'gamma': 'auto'}",freq,False,True,N/A,[],66,"[[21, 0], [11, 0]]",0.6916666666666668,0.3458333333333334,0.5,0.40392156862745093,,,,0
167,RF,"{'n_estimators': 500, 'max_depth': 30, 'min_samples_split': 10, 'max_features': 'log2'}",pca,True,True,15,[],66,"[[20, 1], [9, 2]]",0.7154761904761905,0.464520202020202,0.5238095238095238,0.4705882352941176,,,,0
169,RF,"{'n_estimators': 500, 'max_depth': 10, 'min_samples_split': 2, 'max_features': 'log2'}",,False,True,N/A,['drugConcentration'],66,"[[21, 0], [11, 0]]",0.6916666666666668,0.3458333333333334,0.5,0.40392156862745093,,,,0
171,RF,"{'n_estimators': 500, 'max_depth': None, 'min_samples_split': 10, 'max_features': 0.5}",freq,True,True,N/A,[],66,"[[18, 3], [11, 0]]",0.6202380952380953,0.32310606060606056,0.42857142857142855,0.36688453159041395,,,,0
172,SVM,"{'C': 10, 'kernel': 'linear', 'gamma': 'scale'}",freq,False,True,N/A,[],66,"[[21, 0], [11, 0]]",0.6916666666666668,0.3458333333333334,0.5,0.40392156862745093,,,,0
173,RF,"{'n_estimators': 100, 'max_depth': 5, 'min_samples_split': 10, 'max_features': 0.5}",freq,False,True,N/A,[],66,"[[18, 3], [11, 0]]",0.6202380952380953,0.32310606060606056,0.42857142857142855,0.36688453159041395,,,,0
175,ET,"{'n_estimators': 200, 'max_depth': 20, 'min_samples_split': 5, 'max_features': 'sqrt'}",pca,True,True,5,[],66,"[[16, 5], [6, 5]]",0.6916666666666668,0.4291666666666667,0.5,0.45145573380867504,,,,0
176,NN,"{'hidden_layer_sizes': (256, 256), 'activation': 'relu', 'alpha': 0.01, 'learning_rate_init': 0.0001, 'max_iter': 1000, 'early_stopping': False}",pca,True,True,10,[],66,"[[20, 1], [9, 2]]",0.7154761904761905,0.464520202020202,0.5238095238095238,0.4705882352941176,,,,0
178,ET,"{'n_estimators': 100, 'max_depth': 10, 'min_samples_split': 10, 'max_features': 'log2'}",pca,False,True,20,[],66,"[[21, 0], [11, 0]]",0.6916666666666668,0.3458333333333334,0.5,0.40392156862745093,,,,0
181,NN,"{'hidden_layer_sizes': (64, 64), 'activation': 'relu', 'alpha': 0.001, 'learning_rate_init': 0.0005, 'max_iter': 1000, 'early_stopping': False}",pca,True,True,15,[],66,"[[20, 1], [8, 3]]",0.7392857142857143,0.4875,0.5476190476190476,0.5013666072489602,,,,0
185,RF,"{'n_estimators': 200, 'max_depth': 5, 'min_samples_split': 5, 'max_features': 0.5}",pca,False,True,15,[],66,"[[19, 2], [8, 3]]",0.705952380952381,0.48194444444444445,0.5238095238095238,0.4891117052881759,,,,0
186,NN,"{'hidden_layer_sizes': (256,), 'activation': 'relu', 'alpha': 0.0001, 'learning_rate_init': 0.0005, 'max_iter': 1000, 'early_stopping': False}",pca,False,True,15,[],66,"[[21, 0], [11, 0]]",0.6916666666666668,0.3458333333333334,0.5,0.40392156862745093,,,,0
188,NN,"{'hidden_layer_sizes': (64,), 'activation': 'relu', 'alpha': 0.001, 'learning_rate_init': 0.001, 'max_iter': 1000, 'early_stopping': False}",pca,False,True,5,[],66,"[[21, 0], [11, 0]]",0.6916666666666668,0.3458333333333334,0.5,0.40392156862745093,,,,0
190,NN,"{'hidden_layer_sizes': (64,), 'activation': 'tanh', 'alpha': 0.01, 'learning_rate_init': 0.001, 'max_iter': 1000, 'early_stopping': False}",pca,True,True,10,[],66,"[[20, 1], [9, 2]]",0.7154761904761905,0.464520202020202,0.5238095238095238,0.4705882352941176,,,,0
191,ET,"{'n_estimators': 300, 'max_depth': 20, 'min_samples_split': 10, 'max_features': 'sqrt'}",freq,True,True,N/A,[],66,"[[21, 0], [9, 2]]",0.7392857142857143,0.5263888888888889,0.5476190476190476,0.48969154913427354,,,,0
192,SVM,"{'C': 10, 'kernel': 'rbf', 'gamma': 'auto'}",pca,False,True,10,[],66,"[[21, 0], [11, 0]]",0.6916666666666668,0.3458333333333334,0.5,0.40392156862745093,,,,0
194,NN,"{'hidden_layer_sizes': (128, 128), 'activation': 'tanh', 'alpha': 0.0001, 'learning_rate_init': 0.0001, 'max_iter': 1000, 'early_stopping': False}",pca,True,True,20,[],66,"[[20, 1], [9, 2]]",0.7154761904761905,0.464520202020202,0.5238095238095238,0.4705882352941176,,,,0
195,NN,"{'hidden_layer_sizes': (256,), 'activation': 'tanh', 'alpha': 0.01, 'learning_rate_init': 0.001, 'max_iter': 1000, 'early_stopping': False}",pca,True,True,5,[],66,"[[21, 0], [11, 0]]",0.6916666666666668,0.3458333333333334,0.5,0.40392156862745093,,,,0
198,NN,"{'hidden_layer_sizes': (256, 256), 'activation': 'relu', 'alpha': 0.01, 'learning_rate_init': 0.0001, 'max_iter': 1000, 'early_stopping': False}",pca,False,True,5,[],66,"[[21, 0], [11, 0]]",0.6916666666666668,0.3458333333333334,0.5,0.40392156862745093,,,,0
200,SVM,"{'C': 100, 'kernel': 'linear', 'gamma': 'auto'}",freq,False,True,N/A,['drugConcentration'],66,"[[21, 0], [10, 1]]",0.7333333333333334,0.5333333333333333,0.6666666666666666,0.5816993464052287,,,,0
204,RF,"{'n_estimators': 300, 'max_depth': 5, 'min_samples_split': 5, 'max_features': 0.5}",freq,False,True,N/A,[],66,"[[18, 3], [11, 0]]",0.6202380952380953,0.32310606060606056,0.42857142857142855,0.36688453159041395,,,,0
209,ET,"{'n_estimators': 300, 'max_depth': 30, 'min_samples_split': 2, 'max_features': 0.5}",freq,True,True,N/A,[],66,"[[18, 3], [9, 2]]",0.6678571428571428,0.40324074074074073,0.4761904761904762,0.4316993464052287,,,,0
210,NN,"{'hidden_layer_sizes': (256, 256), 'activation': 'tanh', 'alpha': 0.001, 'learning_rate_init': 0.0005, 'max_iter': 1000, 'early_stopping': False}",,True,True,N/A,"['relationExtrusionWeight', 'drugConcentration']",61,"[[17, 0], [12, 0]]",0.6027676027676027,0.30138380138380133,0.5,0.3746031746031746,,,,0
211,ET,"{'n_estimators': 500, 'max_depth': 10, 'min_samples_split': 5, 'max_features': 'log2'}",freq,False,True,N/A,[],66,"[[18, 3], [9, 2]]",0.6678571428571428,0.40324074074074073,0.4761904761904762,0.4316993464052287,,,,0
214,ET,"{'n_estimators': 200, 'max_depth': None, 'min_samples_split': 2, 'max_features': 0.5}",freq,True,True,N/A,[],66,"[[18, 3], [9, 2]]",0.6678571428571428,0.40324074074074073,0.4761904761904762,0.4316993464052287,,,,0
217,RF,"{'n_estimators': 100, 'max_depth': 30, 'min_samples_split': 5, 'max_features': 'log2'}",freq,False,True,N/A,[],66,"[[18, 3], [11, 0]]",0.6202380952380953,0.32310606060606056,0.42857142857142855,0.36688453159041395,,,,0
229,ET,"{'n_estimators': 300, 'max_depth': 20, 'min_samples_split': 5, 'max_features': 'sqrt'}",,False,True,N/A,"['relationExtrusionWeight', 'drugConcentration']",61,"[[17, 0], [12, 0]]",0.6027676027676027,0.30138380138380133,0.5,0.3746031746031746,,,,0
230,ET,"{'n_estimators': 100, 'max_depth': 20, 'min_samples_split': 2, 'max_features': 0.5}",pca,True,True,10,[],66,"[[20, 1], [8, 3]]",0.7392857142857143,0.4875,0.5476190476190476,0.5013666072489602,,,,0
231,SVM,"{'C': 100, 'kernel': 'linear', 'gamma': 'auto'}",freq,True,True,N/A,[],66,"[[18, 3], [9, 2]]",0.6678571428571428,0.40324074074074073,0.4761904761904762,0.4316993464052287,,,,0
232,ET,"{'n_estimators': 300, 'max_depth': 5, 'min_samples_split': 10, 'max_features': 'log2'}",freq,True,True,N/A,['drugConcentration'],66,"[[21, 0], [10, 1]]",0.7333333333333334,0.5333333333333333,0.6666666666666666,0.5816993464052287,,,,0
237,SVM,"{'C': 100, 'kernel': 'linear', 'gamma': 'auto'}",pca,True,True,5,[],66,"[[21, 0], [11, 0]]",0.6916666666666668,0.3458333333333334,0.5,0.40392156862745093,,,,0
238,SVM,"{'C': 0.1, 'kernel': 'rbf', 'gamma': 'auto'}",pca,True,True,10,[],66,"[[21, 0], [11, 0]]",0.6916666666666668,0.3458333333333334,0.5,0.40392156862745093,,,,0
241,NN,"{'hidden_layer_sizes': (64,), 'activation': 'relu', 'alpha': 0.0001, 'learning_rate_init': 0.0001, 'max_iter': 1000, 'early_stopping': False}",freq,True,True,N/A,['relationExtrusionWeight'],61,"[[17, 0], [11, 1]]",0.6503866503866503,0.48789173789173795,0.5833333333333334,0.4983405483405483,,,,0
248,ET,"{'n_estimators': 300, 'max_depth': 20, 'min_samples_split': 2, 'max_features': 'sqrt'}",freq,True,True,N/A,[],66,"[[18, 3], [9, 2]]",0.6678571428571428,0.40324074074074073,0.4761904761904762,0.4316993464052287,,,,0
250,NN,"{'hidden_layer_sizes': (256, 256), 'activation': 'tanh', 'alpha': 0.01, 'learning_rate_init': 0.0005, 'max_iter': 1000, 'early_stopping': False}",pca,True,True,15,[],66,"[[20, 1], [8, 3]]",0.7392857142857143,0.4875,0.5476190476190476,0.5013666072489602,,,,0
258,NN,"{'hidden_layer_sizes': (64,), 'activation': 'relu', 'alpha': 0.0001, 'learning_rate_init': 0.0005, 'max_iter': 1000, 'early_stopping': False}",pca,True,True,5,[],66,"[[21, 0], [11, 0]]",0.6916666666666668,0.3458333333333334,0.5,0.40392156862745093,,,,0
259,RF,"{'n_estimators': 200, 'max_depth': None, 'min_samples_split': 5, 'max_features': 'sqrt'}",freq,False,True,N/A,[],66,"[[18, 3], [11, 0]]",0.6202380952380953,0.32310606060606056,0.42857142857142855,0.36688453159041395,,,,0
262,RF,"{'n_estimators': 200, 'max_depth': 10, 'min_samples_split': 5, 'max_features': 0.5}",pca,True,True,10,[],66,"[[18, 3], [6, 5]]",0.7392857142857143,0.4777777777777777,0.5476190476190476,0.5064856711915535,,,,0
264,ET,"{'n_estimators': 300, 'max_depth': 5, 'min_samples_split': 2, 'max_features': 'log2'}",,True,True,N/A,['drugConcentration'],66,"[[21, 0], [11, 0]]",0.6916666666666668,0.3458333333333334,0.5,0.40392156862745093,,,,0
265,NN,"{'hidden_layer_sizes': (256,), 'activation': 'tanh', 'alpha': 0.0001, 'learning_rate_init': 0.0001, 'max_iter': 1000, 'early_stopping': False}",pca,False,True,20,[],66,"[[21, 0], [11, 0]]",0.6916666666666668,0.3458333333333334,0.5,0.40392156862745093,,,,0
269,NN,"{'hidden_layer_sizes': (256, 256), 'activation': 'relu', 'alpha': 0.01, 'learning_rate_init': 0.001, 'max_iter': 1000, 'early_stopping': False}",freq,False,True,N/A,[],66,"[[15, 6], [7, 4]]",0.6440476190476191,0.37083333333333335,0.4523809523809524,0.40154486036838977,,,,0
274,NN,"{'hidden_layer_sizes': (64, 64), 'activation': 'relu', 'alpha': 0.01, 'learning_rate_init': 0.001, 'max_iter': 1000, 'early_stopping': False}",pca,True,True,15,[],66,"[[20, 1], [8, 3]]",0.7392857142857143,0.4875,0.5476190476190476,0.5013666072489602,,,,0
275,SVM,"{'C': 0.1, 'kernel': 'linear', 'gamma': 'auto'}",freq,False,True,N/A,[],66,"[[21, 0], [11, 0]]",0.6916666666666668,0.3458333333333334,0.5,0.40392156862745093,,,,0
276,SVM,"{'C': 100, 'kernel': 'rbf', 'gamma': 'auto'}",pca,True,True,20,[],66,"[[20, 1], [8, 3]]",0.7392857142857143,0.4875,0.5476190476190476,0.5013666072489602,,,,0
279,RF,"{'n_estimators': 200, 'max_depth': 5, 'min_samples_split': 5, 'max_features': 'log2'}",freq,False,True,N/A,[],66,"[[18, 3], [11, 0]]",0.6202380952380953,0.32310606060606056,0.42857142857142855,0.36688453159041395,,,,0
286,NN,"{'hidden_layer_sizes': (128,), 'activation': 'tanh', 'alpha': 0.001, 'learning_rate_init': 0.0001, 'max_iter': 1000, 'early_stopping': False}",freq,True,True,N/A,[],66,"[[18, 3], [9, 2]]",0.6678571428571428,0.40324074074074073,0.4761904761904762,0.4316993464052287,,,,0
291,RF,"{'n_estimators': 200, 'max_depth': 5, 'min_samples_split': 5, 'max_features': 0.5}",pca,True,True,10,[],66,"[[18, 3], [6, 5]]",0.7392857142857143,0.4777777777777777,0.5476190476190476,0.5064856711915535,,,,0
292,ET,"{'n_estimators': 300, 'max_depth': None, 'min_samples_split': 10, 'max_features': 'sqrt'}",pca,True,True,20,[],66,"[[21, 0], [11, 0]]",0.6916666666666668,0.3458333333333334,0.5,0.40392156862745093,,,,0
295,SVM,"{'C': 10, 'kernel': 'poly', 'gamma': 'scale'}",freq,True,True,N/A,[],66,"[[21, 0], [11, 0]]",0.6916666666666668,0.3458333333333334,0.5,0.40392156862745093,,,,0
297,SVM,"{'C': 10, 'kernel': 'poly', 'gamma': 'scale'}",pca,True,True,20,[],66,"[[21, 0], [11, 0]]",0.6916666666666668,0.3458333333333334,0.5,0.40392156862745093,,,,0
299,SVM,"{'C': 10, 'kernel': 'linear', 'gamma': 'scale'}",pca,False,True,10,[],66,"[[21, 0], [11, 0]]",0.6916666666666668,0.3458333333333334,0.5,0.40392156862745093,,,,0
300,SVM,"{'C': 10, 'kernel': 'poly', 'gamma': 'auto'}",pca,False,True,10,[],66,"[[21, 0], [11, 0]]",0.6916666666666668,0.3458333333333334,0.5,0.40392156862745093,,,,0
301,RF,"{'n_estimators': 500, 'max_depth': 5, 'min_samples_split': 2, 'max_features': 'sqrt'}",freq,True,True,N/A,[],66,"[[18, 3], [11, 0]]",0.6202380952380953,0.32310606060606056,0.42857142857142855,0.36688453159041395,,,,0
304,NN,"{'hidden_layer_sizes': (128, 128), 'activation': 'tanh', 'alpha': 0.0001, 'learning_rate_init': 0.0001, 'max_iter': 1000, 'early_stopping': False}",pca,True,True,15,[],66,"[[20, 1], [8, 3]]",0.7392857142857143,0.4875,0.5476190476190476,0.5013666072489602,,,,0
307,NN,"{'hidden_layer_sizes': (128,), 'activation': 'tanh', 'alpha': 0.01, 'learning_rate_init': 0.0005, 'max_iter': 1000, 'early_stopping': False}",pca,True,True,10,[],66,"[[20, 1], [9, 2]]",0.7154761904761905,0.464520202020202,0.5238095238095238,0.4705882352941176,,,,0
309,RF,"{'n_estimators': 500, 'max_depth': None, 'min_samples_split': 2, 'max_features': 'sqrt'}",,False,True,N/A,['drugConcentration'],66,"[[21, 0], [11, 0]]",0.6916666666666668,0.3458333333333334,0.5,0.40392156862745093,,,,0
314,ET,"{'n_estimators': 300, 'max_depth': 30, 'min_samples_split': 10, 'max_features': 0.5}",freq,False,True,N/A,[],66,"[[21, 0], [9, 2]]",0.7392857142857143,0.5263888888888889,0.5476190476190476,0.48969154913427354,,,,0
316,ET,"{'n_estimators': 300, 'max_depth': 5, 'min_samples_split': 2, 'max_features': 'log2'}",,True,True,N/A,"['relationExtrusionWeight', 'drugConcentration']",61,"[[17, 0], [12, 0]]",0.6027676027676027,0.30138380138380133,0.5,0.3746031746031746,,,,0
318,RF,"{'n_estimators': 200, 'max_depth': None, 'min_samples_split': 10, 'max_features': 'log2'}",freq,True,True,N/A,[],66,"[[18, 3], [11, 0]]",0.6202380952380953,0.32310606060606056,0.42857142857142855,0.36688453159041395,,,,0
320,RF,"{'n_estimators': 100, 'max_depth': 5, 'min_samples_split': 2, 'max_features': 'sqrt'}",pca,False,True,10,[],66,"[[20, 1], [8, 3]]",0.7392857142857143,0.4875,0.5476190476190476,0.5013666072489602,,,,0
325,ET,"{'n_estimators': 200, 'max_depth': 30, 'min_samples_split': 5, 'max_features': 0.5}",pca,False,True,15,[],66,"[[20, 1], [8, 3]]",0.7392857142857143,0.4875,0.5476190476190476,0.5013666072489602,,,,0
326,NN,"{'hidden_layer_sizes': (128,), 'activation': 'relu', 'alpha': 0.01, 'learning_rate_init': 0.0005, 'max_iter': 1000, 'early_stopping': False}",pca,True,True,5,[],66,"[[21, 0], [11, 0]]",0.6916666666666668,0.3458333333333334,0.5,0.40392156862745093,,,,0
329,RF,"{'n_estimators': 500, 'max_depth': 5, 'min_samples_split': 10, 'max_features': 'sqrt'}",,False,True,N/A,['relationExtrusionWeight'],61,"[[17, 0], [12, 0]]",0.6027676027676027,0.30138380138380133,0.5,0.3746031746031746,,,,0
331,RF,"{'n_estimators': 500, 'max_depth': 30, 'min_samples_split': 10, 'max_features': 'log2'}",freq,False,True,N/A,[],66,"[[18, 3], [11, 0]]",0.6202380952380953,0.32310606060606056,0.42857142857142855,0.36688453159041395,,,,0
335,NN,"{'hidden_layer_sizes': (256,), 'activation': 'relu', 'alpha': 0.01, 'learning_rate_init': 0.001, 'max_iter': 1000, 'early_stopping': False}",pca,True,True,5,[],66,"[[21, 0], [10, 1]]",0.7154761904761905,0.5189102564102565,0.5238095238095238,0.4511437908496732,,,,0
336,RF,"{'n_estimators': 200, 'max_depth': None, 'min_samples_split': 10, 'max_features': 'log2'}",pca,False,True,5,[],66,"[[21, 0], [10, 1]]",0.7154761904761905,0.5189102564102565,0.5238095238095238,0.4511437908496732,,,,0
340,RF,"{'n_estimators': 100, 'max_depth': None, 'min_samples_split': 5, 'max_features': 0.5}",freq,False,True,N/A,[],66,"[[18, 3], [11, 0]]",0.6202380952380953,0.32310606060606056,0.42857142857142855,0.36688453159041395,,,,0
347,RF,"{'n_estimators': 300, 'max_depth': 30, 'min_samples_split': 10, 'max_features': 0.5}",freq,False,True,N/A,['drugConcentration'],66,"[[18, 3], [10, 1]]",0.6619047619047619,0.5106060606060606,0.5952380952380952,0.5446623093681917,,,,0
349,SVM,"{'C': 0.1, 'kernel': 'linear', 'gamma': 'scale'}",pca,True,True,20,[],66,"[[16, 5], [10, 1]]",0.525,0.39444444444444443,0.5476190476190476,0.37005913476501706,,,,0
353,ET,"{'n_estimators': 200, 'max_depth': 20, 'min_samples_split': 2, 'max_features': 'sqrt'}",freq,False,True,N/A,['relationExtrusionWeight'],61,"[[12, 5], [8, 4]]",0.599104599104599,0.4973544973544974,0.5936507936507937,0.5275132275132275,,,,0
356,NN,"{'hidden_layer_sizes': (256, 256), 'activation': 'relu', 'alpha': 0.01, 'learning_rate_init': 0.001, 'max_iter': 1000, 'early_stopping': False}",freq,True,True,N/A,[],66,"[[18, 3], [8, 3]]",0.6916666666666668,0.4291666666666667,0.5,0.45862242332830566,,,,0
357,NN,"{'hidden_layer_sizes': (64, 64), 'activation': 'relu', 'alpha': 0.0001, 'learning_rate_init': 0.001, 'max_iter': 1000, 'early_stopping': False}",freq,False,True,N/A,[],66,"[[15, 6], [7, 4]]",0.6440476190476191,0.37083333333333335,0.4523809523809524,0.40154486036838977,,,,0
358,NN,"{'hidden_layer_sizes': (128, 128), 'activation': 'relu', 'alpha': 0.0001, 'learning_rate_init': 0.0005, 'max_iter': 1000, 'early_stopping': False}",freq,True,True,N/A,[],66,"[[18, 3], [8, 3]]",0.6916666666666668,0.4291666666666667,0.5,0.45862242332830566,,,,0
360,ET,"{'n_estimators': 100, 'max_depth': 10, 'min_samples_split': 10, 'max_features': 'sqrt'}",freq,True,True,N/A,[],66,"[[21, 0], [9, 2]]",0.7392857142857143,0.5263888888888889,0.5476190476190476,0.48969154913427354,,,,0
363,SVM,"{'C': 100, 'kernel': 'poly', 'gamma': 'scale'}",pca,False,True,20,[],66,"[[21, 0], [10, 1]]",0.7333333333333334,0.5333333333333333,0.6666666666666666,0.5816993464052287,,,,0
366,NN,"{'hidden_layer_sizes': (128, 128), 'activation': 'relu', 'alpha': 0.01, 'learning_rate_init': 0.001, 'max_iter': 1000, 'early_stopping': False}",pca,False,True,20,[],66,"[[20, 1], [8, 3]]",0.7392857142857143,0.4875,0.5476190476190476,0.5013666072489602,,,,0
367,SVM,"{'C': 100, 'kernel': 'poly', 'gamma': 'scale'}",freq,True,True,N/A,[],66,"[[21, 0], [11, 0]]",0.6916666666666668,0.3458333333333334,0.5,0.40392156862745093,,,,0
368,SVM,"{'C': 0.1, 'kernel': 'poly', 'gamma': 'auto'}",freq,True,True,N/A,[],66,"[[21, 0], [11, 0]]",0.6916666666666668,0.3458333333333334,0.5,0.40392156862745093,,,,0
369,ET,"{'n_estimators': 300, 'max_depth': None, 'min_samples_split': 5, 'max_features': 'log2'}",freq,False,True,N/A,[],66,"[[18, 3], [9, 2]]",0.6678571428571428,0.40324074074074073,0.4761904761904762,0.4316993464052287,,,,0
370,ET,"{'n_estimators': 500, 'max_depth': 5, 'min_samples_split': 5, 'max_features': 'log2'}",freq,True,True,N/A,[],66,"[[21, 0], [10, 1]]",0.7154761904761905,0.5189102564102565,0.5238095238095238,0.4511437908496732,,,,0
371,ET,"{'n_estimators': 300, 'max_depth': None, 'min_samples_split': 10, 'max_features': 0.5}",freq,False,True,N/A,[],66,"[[21, 0], [9, 2]]",0.7392857142857143,0.5263888888888889,0.5476190476190476,0.48969154913427354,,,,0
375,RF,"{'n_estimators': 500, 'max_depth': 10, 'min_samples_split': 5, 'max_features': 'log2'}",pca,True,True,10,[],66,"[[20, 1], [8, 3]]",0.7392857142857143,0.4875,0.5476190476190476,0.5013666072489602,,,,0
377,SVM,"{'C': 1, 'kernel': 'linear', 'gamma': 'scale'}",,False,True,N/A,['drugConcentration'],66,"[[21, 0], [11, 0]]",0.6916666666666668,0.3458333333333334,0.5,0.40392156862745093,,,,0
382,ET,"{'n_estimators': 100, 'max_depth': 30, 'min_samples_split': 2, 'max_features': 'sqrt'}",freq,True,True,N/A,[],66,"[[18, 3], [9, 2]]",0.6678571428571428,0.40324074074074073,0.4761904761904762,0.4316993464052287,,,,0
383,ET,"{'n_estimators': 200, 'max_depth': 30, 'min_samples_split': 2, 'max_features': 'log2'}",pca,True,True,5,[],66,"[[18, 3], [9, 2]]",0.6321428571428571,0.4575757575757575,0.4761904761904762,0.44323780794369033,,,,0
388,NN,"{'hidden_layer_sizes': (64,), 'activation': 'relu', 'alpha': 0.001, 'learning_rate_init': 0.001, 'max_iter': 1000, 'early_stopping': False}",pca,True,True,20,[],66,"[[20, 1], [9, 2]]",0.7154761904761905,0.464520202020202,0.5238095238095238,0.4705882352941176,,,,0
389,ET,"{'n_estimators': 200, 'max_depth': 30, 'min_samples_split': 5, 'max_features': 'sqrt'}",freq,False,True,N/A,[],66,"[[18, 3], [9, 2]]",0.6678571428571428,0.40324074074074073,0.4761904761904762,0.4316993464052287,,,,0
391,SVM,"{'C': 1, 'kernel': 'linear', 'gamma': 'auto'}",pca,True,True,20,[],66,"[[16, 5], [10, 1]]",0.525,0.39444444444444443,0.5476190476190476,0.37005913476501706,,,,0
392,ET,"{'n_estimators': 300, 'max_depth': 30, 'min_samples_split': 2, 'max_features': 0.5}",pca,False,True,15,[],66,"[[20, 1], [8, 3]]",0.7392857142857143,0.4875,0.5476190476190476,0.5013666072489602,,,,0
398,NN,"{'hidden_layer_sizes': (64, 64), 'activation': 'tanh', 'alpha': 0.01, 'learning_rate_init': 0.001, 'max_iter': 1000, 'early_stopping': False}",pca,True,True,20,[],66,"[[20, 1], [9, 2]]",0.7154761904761905,0.464520202020202,0.5238095238095238,0.4705882352941176,,,,0
400,NN,"{'hidden_layer_sizes': (64, 64), 'activation': 'tanh', 'alpha': 0.01, 'learning_rate_init': 0.0005, 'max_iter': 1000, 'early_stopping': False}",pca,False,True,20,['relationExtrusionWeight'],61,"[[17, 0], [12, 0]]",0.6027676027676027,0.30138380138380133,0.5,0.3746031746031746,,,,0
402,ET,"{'n_estimators': 100, 'max_depth': 10, 'min_samples_split': 2, 'max_features': 'sqrt'}",freq,False,True,N/A,[],66,"[[18, 3], [9, 2]]",0.6678571428571428,0.40324074074074073,0.4761904761904762,0.4316993464052287,,,,0
404,NN,"{'hidden_layer_sizes': (256,), 'activation': 'relu', 'alpha': 0.001, 'learning_rate_init': 0.0001, 'max_iter': 1000, 'early_stopping': False}",freq,True,True,N/A,[],66,"[[18, 3], [8, 3]]",0.6916666666666668,0.4291666666666667,0.5,0.45862242332830566,,,,0
409,NN,"{'hidden_layer_sizes': (128, 128), 'activation': 'tanh', 'alpha': 0.0001, 'learning_rate_init': 0.001, 'max_iter': 1000, 'early_stopping': False}",pca,True,True,10,['drugConcentration'],66,"[[20, 1], [8, 3]]",0.7392857142857143,0.4875,0.5476190476190476,0.5013666072489602,,,,0
411,NN,"{'hidden_layer_sizes': (128, 128), 'activation': 'tanh', 'alpha': 0.01, 'learning_rate_init': 0.0005, 'max_iter': 1000, 'early_stopping': False}",freq,False,True,N/A,[],66,"[[21, 0], [11, 0]]",0.6916666666666668,0.3458333333333334,0.5,0.40392156862745093,,,,0
413,NN,"{'hidden_layer_sizes': (64, 64), 'activation': 'relu', 'alpha': 0.0001, 'learning_rate_init': 0.0005, 'max_iter': 1000, 'early_stopping': False}",freq,False,True,N/A,[],66,"[[18, 3], [8, 3]]",0.6916666666666668,0.4291666666666667,0.5,0.45862242332830566,,,,0
414,RF,"{'n_estimators': 200, 'max_depth': 30, 'min_samples_split': 10, 'max_features': 'sqrt'}",,False,True,N/A,['drugConcentration'],66,"[[21, 0], [11, 0]]",0.6916666666666668,0.3458333333333334,0.5,0.40392156862745093,,,,0
416,SVM,"{'C': 100, 'kernel': 'linear', 'gamma': 'auto'}",freq,False,True,N/A,[],66,"[[21, 0], [11, 0]]",0.6916666666666668,0.3458333333333334,0.5,0.40392156862745093,,,,0
419,ET,"{'n_estimators': 100, 'max_depth': 30, 'min_samples_split': 5, 'max_features': 'sqrt'}",,False,True,N/A,['drugConcentration'],66,"[[21, 0], [11, 0]]",0.6916666666666668,0.3458333333333334,0.5,0.40392156862745093,,,,0
425,RF,"{'n_estimators': 200, 'max_depth': 30, 'min_samples_split': 5, 'max_features': 0.5}",,False,True,N/A,['relationExtrusionWeight'],61,"[[17, 0], [12, 0]]",0.6027676027676027,0.30138380138380133,0.5,0.3746031746031746,,,,0
426,NN,"{'hidden_layer_sizes': (256, 256), 'activation': 'tanh', 'alpha': 0.01, 'learning_rate_init': 0.001, 'max_iter': 1000, 'early_stopping': False}",pca,False,True,5,[],66,"[[21, 0], [10, 1]]",0.7333333333333334,0.5333333333333333,0.6666666666666666,0.5816993464052287,,,,0
430,SVM,"{'C': 10, 'kernel': 'rbf', 'gamma': 'auto'}",pca,True,True,5,[],66,"[[21, 0], [11, 0]]",0.6916666666666668,0.3458333333333334,0.5,0.40392156862745093,,,,0
431,ET,"{'n_estimators': 100, 'max_depth': 30, 'min_samples_split': 5, 'max_features': 'sqrt'}",pca,True,True,20,[],66,"[[20, 1], [10, 1]]",0.6916666666666668,0.4291666666666667,0.5,0.4351106524481137,,,,0
436,ET,"{'n_estimators': 100, 'max_depth': None, 'min_samples_split': 5, 'max_features': 'log2'}",freq,False,True,N/A,[],66,"[[18, 3], [9, 2]]",0.6678571428571428,0.40324074074074073,0.4761904761904762,0.4316993464052287,,,,0
437,NN,"{'hidden_layer_sizes': (128,), 'activation': 'relu', 'alpha': 0.01, 'learning_rate_init': 0.0005, 'max_iter': 1000, 'early_stopping': False}",pca,False,True,20,[],66,"[[21, 0], [11, 0]]",0.6916666666666668,0.3458333333333334,0.5,0.40392156862745093,,,,0
444,RF,"{'n_estimators': 300, 'max_depth': 5, 'min_samples_split': 2, 'max_features': 'log2'}",pca,True,True,20,[],66,"[[20, 1], [9, 2]]",0.7154761904761905,0.464520202020202,0.5238095238095238,0.4705882352941176,,,,0
448,ET,"{'n_estimators': 200, 'max_depth': 20, 'min_samples_split': 2, 'max_features': 0.5}",pca,False,True,20,[],66,"[[20, 1], [9, 2]]",0.7154761904761905,0.464520202020202,0.5238095238095238,0.4705882352941176,,,,0
449,NN,"{'hidden_layer_sizes': (256,), 'activation': 'tanh', 'alpha': 0.0001, 'learning_rate_init': 0.0001, 'max_iter': 1000, 'early_stopping': False}",freq,True,True,N/A,[],66,"[[18, 3], [9, 2]]",0.6678571428571428,0.40324074074074073,0.4761904761904762,0.4316993464052287,,,,0
452,RF,"{'n_estimators': 200, 'max_depth': 20, 'min_samples_split': 2, 'max_features': 'log2'}",freq,True,True,N/A,['relationExtrusionWeight'],61,"[[12, 5], [9, 3]]",0.5734635734635735,0.46620370370370373,0.5658730158730159,0.49749879749879744,,,,0
457,RF,"{'n_estimators': 100, 'max_depth': 10, 'min_samples_split': 5, 'max_features': 0.5}",pca,True,True,5,"['relationExtrusionWeight', 'drugConcentration']",61,"[[14, 3], [8, 4]]",0.6284086284086284,0.5537037037037037,0.6317460317460317,0.5468798630563336,,,,0
461,RF,"{'n_estimators': 200, 'max_depth': 10, 'min_samples_split': 5, 'max_features': 0.5}",freq,False,True,N/A,[],66,"[[18, 3], [11, 0]]",0.6202380952380953,0.32310606060606056,0.42857142857142855,0.36688453159041395,,,,0
465,SVM,"{'C': 10, 'kernel': 'linear', 'gamma': 'scale'}",pca,True,True,10,[],66,"[[20, 1], [8, 3]]",0.7392857142857143,0.4875,0.5476190476190476,0.5013666072489602,,,,0
466,NN,"{'hidden_layer_sizes': (256,), 'activation': 'relu', 'alpha': 0.01, 'learning_rate_init': 0.001, 'max_iter': 1000, 'early_stopping': False}",,False,True,N/A,['drugConcentration'],66,"[[21, 0], [11, 0]]",0.6916666666666668,0.3458333333333334,0.5,0.40392156862745093,,,,0
467,ET,"{'n_estimators': 100, 'max_depth': 10, 'min_samples_split': 2, 'max_features': 0.5}",pca,False,True,15,[],66,"[[20, 1], [8, 3]]",0.7392857142857143,0.4875,0.5476190476190476,0.5013666072489602,,,,0
468,RF,"{'n_estimators': 500, 'max_depth': 5, 'min_samples_split': 10, 'max_features': 'sqrt'}",freq,False,True,N/A,[],66,"[[18, 3], [11, 0]]",0.6202380952380953,0.32310606060606056,0.42857142857142855,0.36688453159041395,,,,0
469,RF,"{'n_estimators': 200, 'max_depth': 30, 'min_samples_split': 2, 'max_features': 0.5}",pca,False,True,5,[],66,"[[20, 1], [9, 2]]",0.7154761904761905,0.464520202020202,0.5238095238095238,0.4705882352941176,,,,0
470,RF,"{'n_estimators': 100, 'max_depth': 10, 'min_samples_split': 10, 'max_features': 0.5}",,False,True,N/A,['drugConcentration'],66,"[[21, 0], [11, 0]]",0.6916666666666668,0.3458333333333334,0.5,0.40392156862745093,,,,0
472,RF,"{'n_estimators': 200, 'max_depth': 5, 'min_samples_split': 5, 'max_features': 'log2'}",,True,True,N/A,"['relationExtrusionWeight', 'drugConcentration']",61,"[[17, 0], [12, 0]]",0.6027676027676027,0.30138380138380133,0.5,0.3746031746031746,,,,0
473,SVM,"{'C': 1, 'kernel': 'poly', 'gamma': 'auto'}",freq,False,True,N/A,"['relationExtrusionWeight', 'drugConcentration']",61,"[[15, 2], [9, 3]]",0.6503866503866503,0.5446127946127947,0.6373015873015873,0.5533068783068783,,,,0
474,ET,"{'n_estimators': 100, 'max_depth': 5, 'min_samples_split': 2, 'max_features': 0.5}",pca,False,True,15,[],66,"[[20, 1], [10, 1]]",0.6916666666666668,0.4291666666666667,0.5,0.4351106524481137,,,,0
475,NN,"{'hidden_layer_sizes': (64,), 'activation': 'relu', 'alpha': 0.0001, 'learning_rate_init': 0.0005, 'max_iter': 1000, 'early_stopping': False}",freq,True,True,N/A,['relationExtrusionWeight'],61,"[[14, 3], [9, 3]]",0.6247456247456248,0.5481481481481482,0.5674603174603174,0.5311688311688312,,,,0
477,NN,"{'hidden_layer_sizes': (128, 128), 'activation': 'relu', 'alpha': 0.0001, 'learning_rate_init': 0.001, 'max_iter': 1000, 'early_stopping': False}",pca,True,True,15,[],66,"[[20, 1], [8, 3]]",0.7392857142857143,0.4875,0.5476190476190476,0.5013666072489602,,,,0
480,NN,"{'hidden_layer_sizes': (256, 256), 'activation': 'relu', 'alpha': 0.01, 'learning_rate_init': 0.0001, 'max_iter': 1000, 'early_stopping': False}",freq,True,True,N/A,[],66,"[[18, 3], [8, 3]]",0.6916666666666668,0.4291666666666667,0.5,0.45862242332830566,,,,0
483,RF,"{'n_estimators': 300, 'max_depth': None, 'min_samples_split': 2, 'max_features': 0.5}",pca,True,True,15,[],66,"[[20, 1], [8, 3]]",0.7392857142857143,0.4875,0.5476190476190476,0.5013666072489602,,,,0
484,ET,"{'n_estimators': 200, 'max_depth': 5, 'min_samples_split': 2, 'max_features': 'log2'}",freq,False,True,N/A,[],66,"[[21, 0], [9, 2]]",0.7392857142857143,0.5263888888888889,0.5476190476190476,0.48969154913427354,,,,0
485,NN,"{'hidden_layer_sizes': (128,), 'activation': 'tanh', 'alpha': 0.0001, 'learning_rate_init': 0.0001, 'max_iter': 1000, 'early_stopping': False}",freq,True,True,N/A,[],66,"[[18, 3], [9, 2]]",0.6678571428571428,0.40324074074074073,0.4761904761904762,0.4316993464052287,,,,0
486,ET,"{'n_estimators': 100, 'max_depth': 10, 'min_samples_split': 10, 'max_features': 0.5}",pca,False,True,10,[],66,"[[21, 0], [9, 2]]",0.7392857142857143,0.5263888888888889,0.5476190476190476,0.48969154913427354,,,,0
491,RF,"{'n_estimators': 500, 'max_depth': None, 'min_samples_split': 10, 'max_features': 'sqrt'}",pca,True,True,20,[],66,"[[21, 0], [10, 1]]",0.7154761904761905,0.5189102564102565,0.5238095238095238,0.4511437908496732,,,,0
492,NN,"{'hidden_layer_sizes': (256, 256), 'activation': 'tanh', 'alpha': 0.001, 'learning_rate_init': 0.0005, 'max_iter': 1000, 'early_stopping': False}",freq,True,True,N/A,"['relationExtrusionWeight', 'drugConcentration']",61,"[[12, 5], [8, 4]]",0.599104599104599,0.5273148148148149,0.5476190476190476,0.5086580086580087,,,,0
493,ET,"{'n_estimators': 300, 'max_depth': None, 'min_samples_split': 10, 'max_features': 'log2'}",,False,True,N/A,['drugConcentration'],66,"[[21, 0], [11, 0]]",0.6916666666666668,0.3458333333333334,0.5,0.40392156862745093,,,,0
496,ET,"{'n_estimators': 500, 'max_depth': 20, 'min_samples_split': 2, 'max_features': 0.5}",freq,True,True,N/A,[],66,"[[18, 3], [9, 2]]",0.6678571428571428,0.40324074074074073,0.4761904761904762,0.4316993464052287,,,,0
500,ET,"{'n_estimators': 100, 'max_depth': 5, 'min_samples_split': 2, 'max_features': 'log2'}",pca,True,True,20,[],66,"[[21, 0], [11, 0]]",0.6916666666666668,0.3458333333333334,0.5,0.40392156862745093,,,,0
501,NN,"{'hidden_layer_sizes': (256, 256), 'activation': 'relu', 'alpha': 0.0001, 'learning_rate_init': 0.001, 'max_iter': 1000, 'early_stopping': False}",pca,False,True,5,[],66,"[[18, 3], [8, 3]]",0.6916666666666668,0.4291666666666667,0.5,0.45862242332830566,,,,0
502,NN,"{'hidden_layer_sizes': (256, 256), 'activation': 'tanh', 'alpha': 0.01, 'learning_rate_init': 0.0005, 'max_iter': 1000, 'early_stopping': False}",pca,False,True,15,[],66,"[[20, 1], [9, 2]]",0.7154761904761905,0.464520202020202,0.5238095238095238,0.4705882352941176,,,,0
504,SVM,"{'C': 10, 'kernel': 'rbf', 'gamma': 'scale'}",,False,True,N/A,['relationExtrusionWeight'],61,"[[17, 0], [12, 0]]",0.6027676027676027,0.30138380138380133,0.5,0.3746031746031746,,,,0
505,NN,"{'hidden_layer_sizes': (128, 128), 'activation': 'tanh', 'alpha': 0.001, 'learning_rate_init': 0.0005, 'max_iter': 1000, 'early_stopping': False}",pca,False,True,10,[],66,"[[20, 1], [9, 2]]",0.7154761904761905,0.464520202020202,0.5238095238095238,0.4705882352941176,,,,0
509,RF,"{'n_estimators': 200, 'max_depth': 10, 'min_samples_split': 2, 'max_features': 'sqrt'}",freq,True,True,N/A,[],66,"[[18, 3], [11, 0]]",0.6202380952380953,0.32310606060606056,0.42857142857142855,0.36688453159041395,,,,0
510,NN,"{'hidden_layer_sizes': (128,), 'activation': 'relu', 'alpha': 0.001, 'learning_rate_init': 0.0005, 'max_iter': 1000, 'early_stopping': False}",freq,False,True,N/A,[],66,"[[21, 0], [11, 0]]",0.6916666666666668,0.3458333333333334,0.5,0.40392156862745093,,,,0
520,NN,"{'hidden_layer_sizes': (128,), 'activation': 'relu', 'alpha': 0.01, 'learning_rate_init': 0.0001, 'max_iter': 1000, 'early_stopping': False}",pca,False,True,5,[],66,"[[21, 0], [11, 0]]",0.6916666666666668,0.3458333333333334,0.5,0.40392156862745093,,,,0
527,RF,"{'n_estimators': 300, 'max_depth': 5, 'min_samples_split': 5, 'max_features': 0.5}",freq,True,True,N/A,[],66,"[[18, 3], [11, 0]]",0.6202380952380953,0.32310606060606056,0.42857142857142855,0.36688453159041395,,,,0
531,SVM,"{'C': 0.1, 'kernel': 'rbf', 'gamma': 'scale'}",pca,True,True,10,[],66,"[[21, 0], [11, 0]]",0.6916666666666668,0.3458333333333334,0.5,0.40392156862745093,,,,0
535,ET,"{'n_estimators': 100, 'max_depth': 10, 'min_samples_split': 10, 'max_features': 'sqrt'}",pca,False,True,20,[],66,"[[21, 0], [11, 0]]",0.6916666666666668,0.3458333333333334,0.5,0.40392156862745093,,,,0
536,RF,"{'n_estimators': 500, 'max_depth': 20, 'min_samples_split': 10, 'max_features': 0.5}",freq,True,True,N/A,[],66,"[[18, 3], [11, 0]]",0.6202380952380953,0.32310606060606056,0.42857142857142855,0.36688453159041395,,,,0
541,SVM,"{'C': 10, 'kernel': 'poly', 'gamma': 'auto'}",freq,True,True,N/A,[],66,"[[21, 0], [11, 0]]",0.6916666666666668,0.3458333333333334,0.5,0.40392156862745093,,,,0
543,NN,"{'hidden_layer_sizes': (64,), 'activation': 'relu', 'alpha': 0.01, 'learning_rate_init': 0.001, 'max_iter': 1000, 'early_stopping': False}",pca,True,True,15,"['relationExtrusionWeight', 'drugConcentration']",61,"[[11, 6], [8, 4]]",0.4855514855514856,0.3513227513227513,0.5317460317460317,0.3848428260192966,,,,0
549,SVM,"{'C': 0.1, 'kernel': 'poly', 'gamma': 'scale'}",freq,True,True,N/A,[],66,"[[21, 0], [11, 0]]",0.6916666666666668,0.3458333333333334,0.5,0.40392156862745093,,,,0
550,ET,"{'n_estimators': 300, 'max_depth': 5, 'min_samples_split': 2, 'max_features': 'sqrt'}",pca,True,True,5,[],66,"[[21, 0], [11, 0]]",0.6916666666666668,0.3458333333333334,0.5,0.40392156862745093,,,,0
551,ET,"{'n_estimators': 300, 'max_depth': 20, 'min_samples_split': 5, 'max_features': 0.5}",freq,True,True,N/A,[],66,"[[18, 3], [9, 2]]",0.6678571428571428,0.40324074074074073,0.4761904761904762,0.4316993464052287,,,,0
552,RF,"{'n_estimators': 200, 'max_depth': 30, 'min_samples_split': 2, 'max_features': 'sqrt'}",,True,True,N/A,"['relationExtrusionWeight', 'drugConcentration']",61,"[[17, 0], [12, 0]]",0.6027676027676027,0.30138380138380133,0.5,0.3746031746031746,,,,0
554,NN,"{'hidden_layer_sizes': (64,), 'activation': 'tanh', 'alpha': 0.01, 'learning_rate_init': 0.0001, 'max_iter': 1000, 'early_stopping': False}",pca,True,True,5,[],66,"[[21, 0], [11, 0]]",0.6916666666666668,0.3458333333333334,0.5,0.40392156862745093,,,,0
555,ET,"{'n_estimators': 100, 'max_depth': 5, 'min_samples_split': 2, 'max_features': 0.5}",freq,False,True,N/A,[],66,"[[21, 0], [10, 1]]",0.7154761904761905,0.5189102564102565,0.5238095238095238,0.4511437908496732,,,,0
556,RF,"{'n_estimators': 200, 'max_depth': 5, 'min_samples_split': 2, 'max_features': 0.5}",freq,False,True,N/A,[],66,"[[18, 3], [11, 0]]",0.6202380952380953,0.32310606060606056,0.42857142857142855,0.36688453159041395,,,,0
557,RF,"{'n_estimators': 300, 'max_depth': 5, 'min_samples_split': 2, 'max_features': 0.5}",freq,False,True,N/A,[],66,"[[18, 3], [11, 0]]",0.6202380952380953,0.32310606060606056,0.42857142857142855,0.36688453159041395,,,,0
559,ET,"{'n_estimators': 300, 'max_depth': 10, 'min_samples_split': 2, 'max_features': 'sqrt'}",freq,True,True,N/A,[],66,"[[18, 3], [9, 2]]",0.6678571428571428,0.40324074074074073,0.4761904761904762,0.4316993464052287,,,,0
562,RF,"{'n_estimators': 500, 'max_depth': 10, 'min_samples_split': 10, 'max_features': 0.5}",freq,True,True,N/A,[],66,"[[18, 3], [11, 0]]",0.6202380952380953,0.32310606060606056,0.42857142857142855,0.36688453159041395,,,,0
565,SVM,"{'C': 1, 'kernel': 'linear', 'gamma': 'scale'}",pca,True,True,15,[],66,"[[20, 1], [10, 1]]",0.6916666666666668,0.4291666666666667,0.5,0.4351106524481137,,,,0
568,ET,"{'n_estimators': 100, 'max_depth': 10, 'min_samples_split': 5, 'max_features': 'log2'}",freq,True,True,N/A,[],66,"[[18, 3], [9, 2]]",0.6678571428571428,0.40324074074074073,0.4761904761904762,0.4316993464052287,,,,0
571,NN,"{'hidden_layer_sizes': (64,), 'activation': 'tanh', 'alpha': 0.0001, 'learning_rate_init': 0.0001, 'max_iter': 1000, 'early_stopping': False}",freq,False,True,N/A,[],66,"[[21, 0], [11, 0]]",0.6916666666666668,0.3458333333333334,0.5,0.40392156862745093,,,,0
573,SVM,"{'C': 100, 'kernel': 'poly', 'gamma': 'auto'}",freq,True,True,N/A,"['relationExtrusionWeight', 'drugConcentration']",61,"[[17, 0], [11, 1]]",0.6284086284086284,0.4755291005291005,0.5277777777777778,0.4283625730994152,,,,0
575,NN,"{'hidden_layer_sizes': (128,), 'activation': 'tanh', 'alpha': 0.0001, 'learning_rate_init': 0.0001, 'max_iter': 1000, 'early_stopping': False}",freq,False,True,N/A,[],66,"[[21, 0], [11, 0]]",0.6916666666666668,0.3458333333333334,0.5,0.40392156862745093,,,,0
577,ET,"{'n_estimators': 300, 'max_depth': None, 'min_samples_split': 2, 'max_features': 'log2'}",freq,True,True,N/A,[],66,"[[18, 3], [9, 2]]",0.6678571428571428,0.40324074074074073,0.4761904761904762,0.4316993464052287,,,,0
578,RF,"{'n_estimators': 200, 'max_depth': None, 'min_samples_split': 10, 'max_features': 'sqrt'}",pca,True,True,10,[],66,"[[20, 1], [8, 3]]",0.7392857142857143,0.4875,0.5476190476190476,0.5013666072489602,,,,0
581,RF,"{'n_estimators': 300, 'max_depth': 20, 'min_samples_split': 5, 'max_features': 0.5}",pca,True,True,20,[],66,"[[19, 2], [8, 3]]",0.7154761904761905,0.45509259259259255,0.5238095238095238,0.4803104575163399,,,,0
582,SVM,"{'C': 0.1, 'kernel': 'rbf', 'gamma': 'auto'}",freq,True,True,N/A,[],66,"[[21, 0], [11, 0]]",0.6916666666666668,0.3458333333333334,0.5,0.40392156862745093,,,,0
586,RF,"{'n_estimators': 300, 'max_depth': 10, 'min_samples_split': 10, 'max_features': 'log2'}",pca,True,True,20,[],66,"[[20, 1], [9, 2]]",0.7154761904761905,0.464520202020202,0.5238095238095238,0.4705882352941176,,,,0
590,NN,"{'hidden_layer_sizes': (64,), 'activation': 'tanh', 'alpha': 0.0001, 'learning_rate_init': 0.0005, 'max_iter': 1000, 'early_stopping': False}",freq,False,True,N/A,[],66,"[[21, 0], [11, 0]]",0.6916666666666668,0.3458333333333334,0.5,0.40392156862745093,,,,0
592,NN,"{'hidden_layer_sizes': (128,), 'activation': 'tanh', 'alpha': 0.01, 'learning_rate_init': 0.0001, 'max_iter': 1000, 'early_stopping': False}",pca,True,True,10,[],66,"[[21, 0], [11, 0]]",0.6916666666666668,0.3458333333333334,0.5,0.40392156862745093,,,,0
593,SVM,"{'C': 0.1, 'kernel': 'linear', 'gamma': 'scale'}",freq,False,True,N/A,['drugConcentration'],66,"[[21, 0], [11, 0]]",0.6916666666666668,0.3458333333333334,0.5,0.40392156862745093,,,,0
595,NN,"{'hidden_layer_sizes': (256,), 'activation': 'relu', 'alpha': 0.0001, 'learning_rate_init': 0.0005, 'max_iter': 1000, 'early_stopping': False}",freq,False,True,N/A,[],66,"[[21, 0], [11, 0]]",0.6916666666666668,0.3458333333333334,0.5,0.40392156862745093,,,,0
600,SVM,"{'C': 1, 'kernel': 'poly', 'gamma': 'scale'}",pca,True,True,15,[],66,"[[21, 0], [11, 0]]",0.6916666666666668,0.3458333333333334,0.5,0.40392156862745093,,,,0
602,ET,"{'n_estimators': 200, 'max_depth': None, 'min_samples_split': 2, 'max_features': 0.5}",pca,False,True,10,[],66,"[[20, 1], [8, 3]]",0.7392857142857143,0.4875,0.5476190476190476,0.5013666072489602,,,,0
604,RF,"{'n_estimators': 300, 'max_depth': 20, 'min_samples_split': 2, 'max_features': 'log2'}",pca,False,True,5,[],66,"[[19, 2], [9, 2]]",0.6738095238095237,0.4615440115440115,0.5,0.45788982259570493,,,,0
605,RF,"{'n_estimators': 200, 'max_depth': 10, 'min_samples_split': 5, 'max_features': 'sqrt'}",freq,False,True,N/A,[],66,"[[18, 3], [11, 0]]",0.6202380952380953,0.32310606060606056,0.42857142857142855,0.36688453159041395,,,,0
608,RF,"{'n_estimators': 500, 'max_depth': 20, 'min_samples_split': 2, 'max_features': 'sqrt'}",freq,True,True,N/A,[],66,"[[18, 3], [11, 0]]",0.6202380952380953,0.32310606060606056,0.42857142857142855,0.36688453159041395,,,,0
609,NN,"{'hidden_layer_sizes': (64, 64), 'activation': 'tanh', 'alpha': 0.01, 'learning_rate_init': 0.0005, 'max_iter': 1000, 'early_stopping': False}",pca,False,True,10,[],66,"[[21, 0], [11, 0]]",0.6916666666666668,0.3458333333333334,0.5,0.40392156862745093,,,,0
613,SVM,"{'C': 1, 'kernel': 'poly', 'gamma': 'scale'}",freq,True,True,N/A,[],66,"[[21, 0], [11, 0]]",0.6916666666666668,0.3458333333333334,0.5,0.40392156862745093,,,,0
614,ET,"{'n_estimators': 500, 'max_depth': None, 'min_samples_split': 10, 'max_features': 'sqrt'}",pca,False,True,5,[],66,"[[21, 0], [11, 0]]",0.6916666666666668,0.3458333333333334,0.5,0.40392156862745093,,,,0
617,SVM,"{'C': 10, 'kernel': 'poly', 'gamma': 'scale'}",freq,False,True,N/A,['drugConcentration'],66,"[[21, 0], [11, 0]]",0.6916666666666668,0.3458333333333334,0.5,0.40392156862745093,,,,0
619,ET,"{'n_estimators': 100, 'max_depth': None, 'min_samples_split': 5, 'max_features': 0.5}",freq,True,True,N/A,[],66,"[[18, 3], [9, 2]]",0.6678571428571428,0.40324074074074073,0.4761904761904762,0.4316993464052287,,,,0
622,NN,"{'hidden_layer_sizes': (128, 128), 'activation': 'relu', 'alpha': 0.0001, 'learning_rate_init': 0.0005, 'max_iter': 1000, 'early_stopping': False}",pca,False,True,15,[],66,"[[20, 1], [9, 2]]",0.7154761904761905,0.464520202020202,0.5238095238095238,0.4705882352941176,,,,0
623,NN,"{'hidden_layer_sizes': (128, 128), 'activation': 'tanh', 'alpha': 0.01, 'learning_rate_init': 0.0001, 'max_iter': 1000, 'early_stopping': False}",pca,True,True,10,[],66,"[[20, 1], [9, 2]]",0.7154761904761905,0.464520202020202,0.5238095238095238,0.4705882352941176,,,,0
631,NN,"{'hidden_layer_sizes': (64, 64), 'activation': 'relu', 'alpha': 0.01, 'learning_rate_init': 0.0001, 'max_iter': 1000, 'early_stopping': False}",freq,False,True,N/A,[],66,"[[21, 0], [11, 0]]",0.6916666666666668,0.3458333333333334,0.5,0.40392156862745093,,,,0
633,RF,"{'n_estimators': 500, 'max_depth': 10, 'min_samples_split': 10, 'max_features': 'log2'}",pca,True,True,10,[],66,"[[20, 1], [8, 3]]",0.7392857142857143,0.4875,0.5476190476190476,0.5013666072489602,,,,0
641,RF,"{'n_estimators': 500, 'max_depth': None, 'min_samples_split': 5, 'max_features': 'log2'}",freq,False,True,N/A,[],66,"[[18, 3], [11, 0]]",0.6202380952380953,0.32310606060606056,0.42857142857142855,0.36688453159041395,,,,0
644,ET,"{'n_estimators': 300, 'max_depth': 10, 'min_samples_split': 10, 'max_features': 0.5}",freq,True,True,N/A,[],66,"[[21, 0], [9, 2]]",0.7392857142857143,0.5263888888888889,0.5476190476190476,0.48969154913427354,,,,0
645,SVM,"{'C': 1, 'kernel': 'poly', 'gamma': 'scale'}",pca,True,True,5,[],66,"[[21, 0], [11, 0]]",0.6916666666666668,0.3458333333333334,0.5,0.40392156862745093,,,,0
646,NN,"{'hidden_layer_sizes': (256,), 'activation': 'tanh', 'alpha': 0.0001, 'learning_rate_init': 0.0005, 'max_iter': 1000, 'early_stopping': False}",pca,False,True,10,[],66,"[[21, 0], [11, 0]]",0.6916666666666668,0.3458333333333334,0.5,0.40392156862745093,,,,0
649,NN,"{'hidden_layer_sizes': (256,), 'activation': 'relu', 'alpha': 0.01, 'learning_rate_init': 0.0001, 'max_iter': 1000, 'early_stopping': False}",pca,False,True,10,[],66,"[[21, 0], [11, 0]]",0.6916666666666668,0.3458333333333334,0.5,0.40392156862745093,,,,0
653,SVM,"{'C': 100, 'kernel': 'poly', 'gamma': 'auto'}",freq,True,True,N/A,[],66,"[[21, 0], [11, 0]]",0.6916666666666668,0.3458333333333334,0.5,0.40392156862745093,,,,0
658,RF,"{'n_estimators': 100, 'max_depth': 10, 'min_samples_split': 5, 'max_features': 'log2'}",freq,True,True,N/A,[],66,"[[18, 3], [11, 0]]",0.6202380952380953,0.32310606060606056,0.42857142857142855,0.36688453159041395,,,,0
659,RF,"{'n_estimators': 500, 'max_depth': 10, 'min_samples_split': 5, 'max_features': 0.5}",pca,True,True,5,[],66,"[[20, 1], [9, 2]]",0.7154761904761905,0.464520202020202,0.5238095238095238,0.4705882352941176,,,,0
662,SVM,"{'C': 10, 'kernel': 'linear', 'gamma': 'scale'}",freq,True,True,N/A,[],66,"[[18, 3], [8, 3]]",0.6916666666666668,0.4291666666666667,0.5,0.45862242332830566,,,,0
665,NN,"{'hidden_layer_sizes': (128,), 'activation': 'relu', 'alpha': 0.0001, 'learning_rate_init': 0.0005, 'max_iter': 1000, 'early_stopping': False}",freq,False,True,N/A,[],66,"[[21, 0], [11, 0]]",0.6916666666666668,0.3458333333333334,0.5,0.40392156862745093,,,,0
669,RF,"{'n_estimators': 500, 'max_depth': None, 'min_samples_split': 5, 'max_features': 'log2'}",freq,True,True,N/A,[],66,"[[18, 3], [11, 0]]",0.6202380952380953,0.32310606060606056,0.42857142857142855,0.36688453159041395,,,,0
670,SVM,"{'C': 1, 'kernel': 'linear', 'gamma': 'scale'}",freq,False,True,N/A,[],66,"[[21, 0], [11, 0]]",0.6916666666666668,0.3458333333333334,0.5,0.40392156862745093,,,,0
679,NN,"{'hidden_layer_sizes': (128,), 'activation': 'tanh', 'alpha': 0.01, 'learning_rate_init': 0.001, 'max_iter': 1000, 'early_stopping': False}",pca,True,True,15,[],66,"[[20, 1], [8, 3]]",0.7392857142857143,0.4875,0.5476190476190476,0.5013666072489602,,,,0
681,NN,"{'hidden_layer_sizes': (64, 64), 'activation': 'relu', 'alpha': 0.0001, 'learning_rate_init': 0.0001, 'max_iter': 1000, 'early_stopping': False}",,False,True,N/A,['relationExtrusionWeight'],61,"[[17, 0], [12, 0]]",0.6027676027676027,0.30138380138380133,0.5,0.3746031746031746,,,,0
683,ET,"{'n_estimators': 300, 'max_depth': 10, 'min_samples_split': 2, 'max_features': 'sqrt'}",pca,False,True,20,[],66,"[[20, 1], [9, 2]]",0.7154761904761905,0.464520202020202,0.5238095238095238,0.4705882352941176,,,,0
690,ET,"{'n_estimators': 200, 'max_depth': None, 'min_samples_split': 5, 'max_features': 'log2'}",,False,True,N/A,['relationExtrusionWeight'],61,"[[17, 0], [12, 0]]",0.6027676027676027,0.30138380138380133,0.5,0.3746031746031746,,,,0
694,SVM,"{'C': 10, 'kernel': 'rbf', 'gamma': 'auto'}",pca,False,True,15,['relationExtrusionWeight'],61,"[[17, 0], [11, 1]]",0.6503866503866503,0.48789173789173795,0.5833333333333334,0.4983405483405483,,,,0
713,SVM,"{'C': 0.1, 'kernel': 'poly', 'gamma': 'auto'}",pca,True,True,5,['relationExtrusionWeight'],61,"[[16, 1], [11, 1]]",0.6027676027676027,0.399002849002849,0.5499999999999999,0.4523809523809524,,,,0
716,SVM,"{'C': 10, 'kernel': 'rbf', 'gamma': 'auto'}",freq,False,True,N/A,[],66,"[[21, 0], [11, 0]]",0.6916666666666668,0.3458333333333334,0.5,0.40392156862745093,,,,0
717,ET,"{'n_estimators': 200, 'max_depth': 20, 'min_samples_split': 5, 'max_features': 'log2'}",pca,True,True,15,[],66,"[[20, 1], [8, 3]]",0.7392857142857143,0.4875,0.5476190476190476,0.5013666072489602,,,,0
722,RF,"{'n_estimators': 300, 'max_depth': 10, 'min_samples_split': 5, 'max_features': 0.5}",,True,True,N/A,['drugConcentration'],66,"[[21, 0], [11, 0]]",0.6916666666666668,0.3458333333333334,0.5,0.40392156862745093,,,,0
723,RF,"{'n_estimators': 500, 'max_depth': 30, 'min_samples_split': 5, 'max_features': 'log2'}",pca,False,True,15,[],66,"[[20, 1], [8, 3]]",0.7392857142857143,0.4875,0.5476190476190476,0.5013666072489602,,,,0
724,SVM,"{'C': 100, 'kernel': 'linear', 'gamma': 'auto'}",pca,True,True,10,[],66,"[[20, 1], [8, 3]]",0.7392857142857143,0.4875,0.5476190476190476,0.5013666072489602,,,,0
729,ET,"{'n_estimators': 100, 'max_depth': 30, 'min_samples_split': 5, 'max_features': 'sqrt'}",pca,False,True,20,[],66,"[[20, 1], [10, 1]]",0.6916666666666668,0.4291666666666667,0.5,0.4351106524481137,,,,0
730,RF,"{'n_estimators': 300, 'max_depth': 20, 'min_samples_split': 5, 'max_features': 'log2'}",freq,True,True,N/A,[],66,"[[18, 3], [11, 0]]",0.6202380952380953,0.32310606060606056,0.42857142857142855,0.36688453159041395,,,,0
731,NN,"{'hidden_layer_sizes': (256, 256), 'activation': 'tanh', 'alpha': 0.001, 'learning_rate_init': 0.0005, 'max_iter': 1000, 'early_stopping': False}",freq,True,True,N/A,[],66,"[[18, 3], [8, 3]]",0.6916666666666668,0.4291666666666667,0.5,0.45862242332830566,,,,0
734,ET,"{'n_estimators': 100, 'max_depth': 30, 'min_samples_split': 5, 'max_features': 0.5}",pca,True,True,5,[],66,"[[14, 7], [5, 6]]",0.6773809523809523,0.5115740740740741,0.5079365079365079,0.4724415204678363,,,,0
735,NN,"{'hidden_layer_sizes': (256, 256), 'activation': 'relu', 'alpha': 0.0001, 'learning_rate_init': 0.0001, 'max_iter': 1000, 'early_stopping': False}",pca,True,True,20,[],66,"[[20, 1], [9, 2]]",0.7154761904761905,0.464520202020202,0.5238095238095238,0.4705882352941176,,,,0
740,RF,"{'n_estimators': 300, 'max_depth': 5, 'min_samples_split': 5, 'max_features': 'log2'}",pca,True,True,5,[],66,"[[20, 1], [9, 2]]",0.7154761904761905,0.464520202020202,0.5238095238095238,0.4705882352941176,,,,0
743,NN,"{'hidden_layer_sizes': (128, 128), 'activation': 'relu', 'alpha': 0.01, 'learning_rate_init': 0.001, 'max_iter': 1000, 'early_stopping': False}",freq,False,True,N/A,[],66,"[[17, 4], [8, 3]]",0.6678571428571428,0.4053571428571428,0.4761904761904762,0.43566760037348273,,,,0
744,RF,"{'n_estimators': 100, 'max_depth': 10, 'min_samples_split': 2, 'max_features': 'log2'}",freq,True,True,N/A,[],66,"[[18, 3], [11, 0]]",0.6202380952380953,0.32310606060606056,0.42857142857142855,0.36688453159041395,,,,0
745,RF,"{'n_estimators': 300, 'max_depth': None, 'min_samples_split': 5, 'max_features': 'log2'}",freq,False,True,N/A,"['relationExtrusionWeight', 'drugConcentration']",61,"[[13, 4], [9, 3]]",0.6210826210826211,0.5217592592592593,0.5992063492063492,0.5493506493506494,,,,0
748,ET,"{'n_estimators': 500, 'max_depth': 5, 'min_samples_split': 10, 'max_features': 'sqrt'}",,False,True,N/A,"['relationExtrusionWeight', 'drugConcentration']",61,"[[17, 0], [12, 0]]",0.6027676027676027,0.30138380138380133,0.5,0.3746031746031746,,,,0
761,NN,"{'hidden_layer_sizes': (128,), 'activation': 'relu', 'alpha': 0.01, 'learning_rate_init': 0.0001, 'max_iter': 1000, 'early_stopping': False}",freq,True,True,N/A,[],66,"[[18, 3], [8, 3]]",0.6916666666666668,0.4291666666666667,0.5,0.45862242332830566,,,,0
765,RF,"{'n_estimators': 100, 'max_depth': 10, 'min_samples_split': 5, 'max_features': 'sqrt'}",pca,True,True,20,[],66,"[[20, 1], [8, 3]]",0.7392857142857143,0.4875,0.5476190476190476,0.5013666072489602,,,,0
767,NN,"{'hidden_layer_sizes': (256, 256), 'activation': 'relu', 'alpha': 0.001, 'learning_rate_init': 0.001, 'max_iter': 1000, 'early_stopping': False}",freq,False,True,N/A,"['relationExtrusionWeight', 'drugConcentration']",61,"[[10, 7], [6, 6]]",0.5771265771265771,0.28856328856328856,0.5,0.3631996658312448,,,,0
768,NN,"{'hidden_layer_sizes': (64,), 'activation': 'tanh', 'alpha': 0.0001, 'learning_rate_init': 0.001, 'max_iter': 1000, 'early_stopping': False}",freq,True,True,N/A,['drugConcentration'],66,"[[19, 2], [8, 3]]",0.7333333333333334,0.6166666666666667,0.6666666666666666,0.6292335115864528,,,,0
769,SVM,"{'C': 1, 'kernel': 'rbf', 'gamma': 'auto'}",freq,True,True,N/A,"['relationExtrusionWeight', 'drugConcentration']",61,"[[16, 1], [9, 3]]",0.654049654049654,0.5819865319865319,0.6055555555555555,0.5486772486772487,,,,0
770,SVM,"{'C': 10, 'kernel': 'rbf', 'gamma': 'scale'}",pca,True,True,5,[],66,"[[21, 0], [11, 0]]",0.6916666666666668,0.3458333333333334,0.5,0.40392156862745093,,,,0
772,RF,"{'n_estimators': 200, 'max_depth': 30, 'min_samples_split': 2, 'max_features': 0.5}",pca,False,True,20,['drugConcentration'],66,"[[20, 1], [8, 3]]",0.7392857142857143,0.4875,0.5476190476190476,0.5013666072489602,,,,0
776,NN,"{'hidden_layer_sizes': (128,), 'activation': 'relu', 'alpha': 0.0001, 'learning_rate_init': 0.0001, 'max_iter': 1000, 'early_stopping': False}",freq,True,True,N/A,[],66,"[[18, 3], [8, 3]]",0.6916666666666668,0.4291666666666667,0.5,0.45862242332830566,,,,0
782,RF,"{'n_estimators': 200, 'max_depth': 20, 'min_samples_split': 2, 'max_features': 'sqrt'}",freq,True,True,N/A,[],66,"[[18, 3], [11, 0]]",0.6202380952380953,0.32310606060606056,0.42857142857142855,0.36688453159041395,,,,0
784,NN,"{'hidden_layer_sizes': (256, 256), 'activation': 'relu', 'alpha': 0.0001, 'learning_rate_init': 0.0001, 'max_iter': 1000, 'early_stopping': False}",freq,False,True,N/A,['relationExtrusionWeight'],61,"[[10, 7], [6, 6]]",0.5771265771265771,0.28856328856328856,0.5,0.3631996658312448,,,,0
789,NN,"{'hidden_layer_sizes': (64,), 'activation': 'relu', 'alpha': 0.001, 'learning_rate_init': 0.0001, 'max_iter': 1000, 'early_stopping': False}",pca,True,True,10,[],66,"[[21, 0], [11, 0]]",0.6916666666666668,0.3458333333333334,0.5,0.40392156862745093,,,,0
790,SVM,"{'C': 100, 'kernel': 'linear', 'gamma': 'scale'}",pca,True,True,20,[],66,"[[15, 6], [7, 4]]",0.5726190476190477,0.5361111111111111,0.5952380952380952,0.46750417338652633,,,,0
797,ET,"{'n_estimators': 300, 'max_depth': None, 'min_samples_split': 2, 'max_features': 0.5}",pca,False,True,10,[],66,"[[20, 1], [8, 3]]",0.7392857142857143,0.4875,0.5476190476190476,0.5013666072489602,,,,0
798,RF,"{'n_estimators': 100, 'max_depth': 10, 'min_samples_split': 2, 'max_features': 'sqrt'}",pca,True,True,20,[],66,"[[20, 1], [9, 2]]",0.7154761904761905,0.464520202020202,0.5238095238095238,0.4705882352941176,,,,0
799,RF,"{'n_estimators': 100, 'max_depth': 5, 'min_samples_split': 10, 'max_features': 'sqrt'}",pca,True,True,5,[],66,"[[21, 0], [10, 1]]",0.7154761904761905,0.5189102564102565,0.5238095238095238,0.4511437908496732,,,,0
800,ET,"{'n_estimators': 300, 'max_depth': None, 'min_samples_split': 5, 'max_features': 0.5}",freq,False,True,N/A,"['relationExtrusionWeight', 'drugConcentration']",61,"[[12, 5], [8, 4]]",0.599104599104599,0.4973544973544974,0.5936507936507937,0.5275132275132275,,,,0
806,ET,"{'n_estimators': 200, 'max_depth': None, 'min_samples_split': 2, 'max_features': 'log2'}",freq,True,True,N/A,[],66,"[[18, 3], [9, 2]]",0.6678571428571428,0.40324074074074073,0.4761904761904762,0.4316993464052287,,,,0
807,NN,"{'hidden_layer_sizes': (128, 128), 'activation': 'relu', 'alpha': 0.001, 'learning_rate_init': 0.0001, 'max_iter': 1000, 'early_stopping': False}",pca,True,True,20,[],66,"[[20, 1], [9, 2]]",0.7154761904761905,0.464520202020202,0.5238095238095238,0.4705882352941176,,,,0
808,SVM,"{'C': 100, 'kernel': 'poly', 'gamma': 'auto'}",pca,False,True,5,[],66,"[[21, 0], [11, 0]]",0.6916666666666668,0.3458333333333334,0.5,0.40392156862745093,,,,0
811,RF,"{'n_estimators': 100, 'max_depth': 5, 'min_samples_split': 2, 'max_features': 'sqrt'}",pca,False,True,5,['relationExtrusionWeight'],61,"[[14, 3], [9, 3]]",0.6027676027676027,0.5168350168350168,0.6039682539682539,0.5079365079365079,,,,0
812,RF,"{'n_estimators': 300, 'max_depth': 20, 'min_samples_split': 10, 'max_features': 'log2'}",freq,True,True,N/A,[],66,"[[18, 3], [11, 0]]",0.6202380952380953,0.32310606060606056,0.42857142857142855,0.36688453159041395,,,,0
816,RF,"{'n_estimators': 300, 'max_depth': 20, 'min_samples_split': 2, 'max_features': 0.5}",pca,True,True,5,[],66,"[[19, 2], [9, 2]]",0.6738095238095237,0.4615440115440115,0.5,0.45788982259570493,,,,0
818,NN,"{'hidden_layer_sizes': (128, 128), 'activation': 'tanh', 'alpha': 0.01, 'learning_rate_init': 0.0005, 'max_iter': 1000, 'early_stopping': False}",freq,True,True,N/A,[],66,"[[18, 3], [8, 3]]",0.6916666666666668,0.4291666666666667,0.5,0.45862242332830566,,,,0
825,ET,"{'n_estimators': 500, 'max_depth': 10, 'min_samples_split': 10, 'max_features': 'sqrt'}",pca,False,True,20,[],66,"[[21, 0], [11, 0]]",0.6916666666666668,0.3458333333333334,0.5,0.40392156862745093,,,,0
826,ET,"{'n_estimators': 100, 'max_depth': 20, 'min_samples_split': 10, 'max_features': 'log2'}",,False,True,N/A,['drugConcentration'],66,"[[21, 0], [11, 0]]",0.6916666666666668,0.3458333333333334,0.5,0.40392156862745093,,,,0
828,ET,"{'n_estimators': 100, 'max_depth': None, 'min_samples_split': 5, 'max_features': 0.5}",pca,True,True,15,[],66,"[[20, 1], [8, 3]]",0.7392857142857143,0.4875,0.5476190476190476,0.5013666072489602,,,,0
832,SVM,"{'C': 100, 'kernel': 'rbf', 'gamma': 'scale'}",pca,True,True,20,[],66,"[[20, 1], [8, 3]]",0.7392857142857143,0.4875,0.5476190476190476,0.5013666072489602,,,,0
833,ET,"{'n_estimators': 300, 'max_depth': 20, 'min_samples_split': 2, 'max_features': 'sqrt'}",freq,False,True,N/A,[],66,"[[18, 3], [9, 2]]",0.6678571428571428,0.40324074074074073,0.4761904761904762,0.4316993464052287,,,,0
834,SVM,"{'C': 1, 'kernel': 'rbf', 'gamma': 'scale'}",pca,False,True,5,[],66,"[[21, 0], [11, 0]]",0.6916666666666668,0.3458333333333334,0.5,0.40392156862745093,,,,0
835,RF,"{'n_estimators': 200, 'max_depth': 10, 'min_samples_split': 2, 'max_features': 'sqrt'}",pca,False,True,15,[],66,"[[20, 1], [8, 3]]",0.7392857142857143,0.4875,0.5476190476190476,0.5013666072489602,,,,0
842,ET,"{'n_estimators': 100, 'max_depth': 20, 'min_samples_split': 5, 'max_features': 'log2'}",freq,False,True,N/A,[],66,"[[18, 3], [9, 2]]",0.6678571428571428,0.40324074074074073,0.4761904761904762,0.4316993464052287,,,,0
851,NN,"{'hidden_layer_sizes': (64, 64), 'activation': 'relu', 'alpha': 0.01, 'learning_rate_init': 0.0001, 'max_iter': 1000, 'early_stopping': False}",pca,True,True,5,[],66,"[[21, 0], [11, 0]]",0.6916666666666668,0.3458333333333334,0.5,0.40392156862745093,,,,0
853,RF,"{'n_estimators': 200, 'max_depth': 20, 'min_samples_split': 10, 'max_features': 'sqrt'}",pca,False,True,20,[],66,"[[20, 1], [9, 2]]",0.7154761904761905,0.464520202020202,0.5238095238095238,0.4705882352941176,,,,0
856,RF,"{'n_estimators': 100, 'max_depth': 5, 'min_samples_split': 10, 'max_features': 0.5}",pca,False,True,20,[],66,"[[20, 1], [9, 2]]",0.7154761904761905,0.464520202020202,0.5238095238095238,0.4705882352941176,,,,0
857,NN,"{'hidden_layer_sizes': (64, 64), 'activation': 'tanh', 'alpha': 0.01, 'learning_rate_init': 0.0001, 'max_iter': 1000, 'early_stopping': False}",freq,False,True,N/A,[],66,"[[21, 0], [11, 0]]",0.6916666666666668,0.3458333333333334,0.5,0.40392156862745093,,,,0
858,RF,"{'n_estimators': 300, 'max_depth': None, 'min_samples_split': 2, 'max_features': 0.5}",freq,True,True,N/A,[],66,"[[18, 3], [11, 0]]",0.6202380952380953,0.32310606060606056,0.42857142857142855,0.36688453159041395,,,,0
860,RF,"{'n_estimators': 300, 'max_depth': 20, 'min_samples_split': 5, 'max_features': 0.5}",pca,False,True,10,[],66,"[[18, 3], [6, 5]]",0.7392857142857143,0.4777777777777777,0.5476190476190476,0.5064856711915535,,,,0
862,NN,"{'hidden_layer_sizes': (256, 256), 'activation': 'tanh', 'alpha': 0.001, 'learning_rate_init': 0.0005, 'max_iter': 1000, 'early_stopping': False}",pca,True,True,5,[],66,"[[21, 0], [11, 0]]",0.6916666666666668,0.3458333333333334,0.5,0.40392156862745093,,,,0
864,SVM,"{'C': 1, 'kernel': 'poly', 'gamma': 'scale'}",,False,True,N/A,['relationExtrusionWeight'],61,"[[17, 0], [12, 0]]",0.6027676027676027,0.30138380138380133,0.5,0.3746031746031746,,,,0
868,NN,"{'hidden_layer_sizes': (64, 64), 'activation': 'relu', 'alpha': 0.001, 'learning_rate_init': 0.0005, 'max_iter': 1000, 'early_stopping': False}",pca,False,True,10,[],66,"[[21, 0], [11, 0]]",0.6916666666666668,0.3458333333333334,0.5,0.40392156862745093,,,,0
873,RF,"{'n_estimators': 200, 'max_depth': 5, 'min_samples_split': 5, 'max_features': 'sqrt'}",,True,True,N/A,['drugConcentration'],66,"[[21, 0], [11, 0]]",0.6916666666666668,0.3458333333333334,0.5,0.40392156862745093,,,,0
877,RF,"{'n_estimators': 500, 'max_depth': 5, 'min_samples_split': 2, 'max_features': 0.5}",pca,False,True,5,[],66,"[[20, 1], [9, 2]]",0.7154761904761905,0.464520202020202,0.5238095238095238,0.4705882352941176,,,,0
878,SVM,"{'C': 1, 'kernel': 'linear', 'gamma': 'auto'}",freq,True,True,N/A,[],66,"[[18, 3], [9, 2]]",0.6678571428571428,0.40324074074074073,0.4761904761904762,0.4316993464052287,,,,0
879,ET,"{'n_estimators': 100, 'max_depth': 10, 'min_samples_split': 5, 'max_features': 'log2'}",pca,True,True,10,[],66,"[[19, 2], [8, 3]]",0.705952380952381,0.48194444444444445,0.5238095238095238,0.4891117052881759,,,,0
882,NN,"{'hidden_layer_sizes': (256, 256), 'activation': 'tanh', 'alpha': 0.0001, 'learning_rate_init': 0.0005, 'max_iter': 1000, 'early_stopping': False}",pca,False,True,15,[],66,"[[20, 1], [9, 2]]",0.7154761904761905,0.464520202020202,0.5238095238095238,0.4705882352941176,,,,0
887,ET,"{'n_estimators': 200, 'max_depth': None, 'min_samples_split': 10, 'max_features': 0.5}",freq,True,True,N/A,[],66,"[[21, 0], [9, 2]]",0.7392857142857143,0.5263888888888889,0.5476190476190476,0.48969154913427354,,,,0
888,NN,"{'hidden_layer_sizes': (128, 128), 'activation': 'relu', 'alpha': 0.01, 'learning_rate_init': 0.0001, 'max_iter': 1000, 'early_stopping': False}",pca,True,True,5,[],66,"[[21, 0], [11, 0]]",0.6916666666666668,0.3458333333333334,0.5,0.40392156862745093,,,,0
892,SVM,"{'C': 1, 'kernel': 'rbf', 'gamma': 'auto'}",freq,True,True,N/A,[],66,"[[16, 5], [9, 2]]",0.5726190476190477,0.4763888888888889,0.42857142857142855,0.4079922027290448,,,,0
898,NN,"{'hidden_layer_sizes': (64, 64), 'activation': 'tanh', 'alpha': 0.001, 'learning_rate_init': 0.001, 'max_iter': 1000, 'early_stopping': False}",pca,False,True,5,[],66,"[[21, 0], [11, 0]]",0.6916666666666668,0.3458333333333334,0.5,0.40392156862745093,,,,0
899,ET,"{'n_estimators': 200, 'max_depth': 10, 'min_samples_split': 5, 'max_features': 'log2'}",freq,True,True,N/A,[],66,"[[18, 3], [9, 2]]",0.6678571428571428,0.40324074074074073,0.4761904761904762,0.4316993464052287,,,,0
900,RF,"{'n_estimators': 100, 'max_depth': 5, 'min_samples_split': 5, 'max_features': 'sqrt'}",pca,False,True,5,[],66,"[[20, 1], [9, 2]]",0.7154761904761905,0.464520202020202,0.5238095238095238,0.4705882352941176,,,,0
902,SVM,"{'C': 10, 'kernel': 'rbf', 'gamma': 'scale'}",,False,True,N/A,"['relationExtrusionWeight', 'drugConcentration']",61,"[[17, 0], [12, 0]]",0.6027676027676027,0.30138380138380133,0.5,0.3746031746031746,,,,0
903,RF,"{'n_estimators': 500, 'max_depth': None, 'min_samples_split': 10, 'max_features': 'sqrt'}",pca,True,True,15,"['relationExtrusionWeight', 'drugConcentration']",61,"[[15, 2], [9, 3]]",0.6503866503866503,0.5446127946127947,0.6373015873015873,0.5533068783068783,,,,0
904,RF,"{'n_estimators': 100, 'max_depth': None, 'min_samples_split': 5, 'max_features': 0.5}",pca,True,True,5,[],66,"[[20, 1], [9, 2]]",0.7154761904761905,0.464520202020202,0.5238095238095238,0.4705882352941176,,,,0
907,ET,"{'n_estimators': 500, 'max_depth': 5, 'min_samples_split': 2, 'max_features': 'sqrt'}",freq,False,True,N/A,[],66,"[[21, 0], [10, 1]]",0.7154761904761905,0.5189102564102565,0.5238095238095238,0.4511437908496732,,,,0
909,ET,"{'n_estimators': 200, 'max_depth': None, 'min_samples_split': 10, 'max_features': 0.5}",pca,True,True,10,[],66,"[[21, 0], [11, 0]]",0.6916666666666668,0.3458333333333334,0.5,0.40392156862745093,,,,0
910,NN,"{'hidden_layer_sizes': (256,), 'activation': 'relu', 'alpha': 0.0001, 'learning_rate_init': 0.0005, 'max_iter': 1000, 'early_stopping': False}",freq,True,True,N/A,[],66,"[[18, 3], [8, 3]]",0.6916666666666668,0.4291666666666667,0.5,0.45862242332830566,,,,0
914,SVM,"{'C': 0.1, 'kernel': 'linear', 'gamma': 'scale'}",freq,False,True,N/A,[],66,"[[21, 0], [11, 0]]",0.6916666666666668,0.3458333333333334,0.5,0.40392156862745093,,,,0
917,NN,"{'hidden_layer_sizes': (64, 64), 'activation': 'tanh', 'alpha': 0.01, 'learning_rate_init': 0.0001, 'max_iter': 1000, 'early_stopping': False}",pca,False,True,5,[],66,"[[21, 0], [11, 0]]",0.6916666666666668,0.3458333333333334,0.5,0.40392156862745093,,,,0
922,NN,"{'hidden_layer_sizes': (256, 256), 'activation': 'tanh', 'alpha': 0.001, 'learning_rate_init': 0.0005, 'max_iter': 1000, 'early_stopping': False}",freq,False,True,N/A,[],66,"[[21, 0], [10, 1]]",0.7154761904761905,0.5189102564102565,0.5238095238095238,0.4511437908496732,,,,0
925,ET,"{'n_estimators': 100, 'max_depth': 10, 'min_samples_split': 2, 'max_features': 'sqrt'}",,False,True,N/A,['relationExtrusionWeight'],61,"[[17, 0], [12, 0]]",0.6027676027676027,0.30138380138380133,0.5,0.3746031746031746,,,,0
926,SVM,"{'C': 1, 'kernel': 'poly', 'gamma': 'auto'}",freq,False,True,N/A,[],66,"[[21, 0], [11, 0]]",0.6916666666666668,0.3458333333333334,0.5,0.40392156862745093,,,,0
927,SVM,"{'C': 100, 'kernel': 'rbf', 'gamma': 'auto'}",pca,True,True,5,[],66,"[[18, 3], [11, 0]]",0.6202380952380953,0.32310606060606056,0.42857142857142855,0.36688453159041395,,,,0
928,SVM,"{'C': 0.1, 'kernel': 'linear', 'gamma': 'scale'}",freq,True,True,N/A,"['relationExtrusionWeight', 'drugConcentration']",61,"[[16, 1], [10, 2]]",0.6503866503866503,0.5723905723905724,0.5873015873015873,0.5344516594516594,,,,0
932,SVM,"{'C': 1, 'kernel': 'rbf', 'gamma': 'scale'}",freq,True,True,N/A,[],66,"[[16, 5], [9, 2]]",0.5726190476190477,0.4763888888888889,0.42857142857142855,0.4079922027290448,,,,0
935,NN,"{'hidden_layer_sizes': (256,), 'activation': 'tanh', 'alpha': 0.01, 'learning_rate_init': 0.001, 'max_iter': 1000, 'early_stopping': False}",freq,True,True,N/A,[],66,"[[18, 3], [8, 3]]",0.6916666666666668,0.4291666666666667,0.5,0.45862242332830566,,,,0
951,SVM,"{'C': 10, 'kernel': 'rbf', 'gamma': 'auto'}",pca,True,True,20,[],66,"[[20, 1], [8, 3]]",0.7392857142857143,0.4875,0.5476190476190476,0.5013666072489602,,,,0
952,RF,"{'n_estimators': 500, 'max_depth': 20, 'min_samples_split': 5, 'max_features': 0.5}",pca,True,True,10,[],66,"[[18, 3], [6, 5]]",0.7392857142857143,0.4777777777777777,0.5476190476190476,0.5064856711915535,,,,0
955,RF,"{'n_estimators': 100, 'max_depth': 5, 'min_samples_split': 5, 'max_features': 'log2'}",freq,True,True,N/A,[],66,"[[18, 3], [11, 0]]",0.6202380952380953,0.32310606060606056,0.42857142857142855,0.36688453159041395,,,,0
967,RF,"{'n_estimators': 300, 'max_depth': 5, 'min_samples_split': 10, 'max_features': 'log2'}",freq,True,True,N/A,[],66,"[[18, 3], [11, 0]]",0.6202380952380953,0.32310606060606056,0.42857142857142855,0.36688453159041395,,,,0
970,RF,"{'n_estimators': 200, 'max_depth': None, 'min_samples_split': 2, 'max_features': 'log2'}",pca,False,True,5,[],66,"[[20, 1], [9, 2]]",0.7154761904761905,0.464520202020202,0.5238095238095238,0.4705882352941176,,,,0
982,ET,"{'n_estimators': 300, 'max_depth': 10, 'min_samples_split': 10, 'max_features': 'log2'}",pca,False,True,20,[],66,"[[21, 0], [11, 0]]",0.6916666666666668,0.3458333333333334,0.5,0.40392156862745093,,,,0
983,NN,"{'hidden_layer_sizes': (256, 256), 'activation': 'tanh', 'alpha': 0.01, 'learning_rate_init': 0.0005, 'max_iter': 1000, 'early_stopping': False}",freq,False,True,N/A,[],66,"[[21, 0], [11, 0]]",0.6916666666666668,0.3458333333333334,0.5,0.40392156862745093,,,,0
984,SVM,"{'C': 100, 'kernel': 'poly', 'gamma': 'auto'}",pca,True,True,15,[],66,"[[16, 5], [10, 1]]",0.525,0.39444444444444443,0.5476190476190476,0.37005913476501706,,,,0
989,NN,"{'hidden_layer_sizes': (128,), 'activation': 'tanh', 'alpha': 0.0001, 'learning_rate_init': 0.0005, 'max_iter': 1000, 'early_stopping': False}",freq,False,True,N/A,['relationExtrusionWeight'],61,"[[17, 0], [12, 0]]",0.6027676027676027,0.30138380138380133,0.5,0.3746031746031746,,,,0
993,NN,"{'hidden_layer_sizes': (128, 128), 'activation': 'tanh', 'alpha': 0.0001, 'learning_rate_init': 0.0001, 'max_iter': 1000, 'early_stopping': False}",freq,False,True,N/A,[],66,"[[21, 0], [11, 0]]",0.6916666666666668,0.3458333333333334,0.5,0.40392156862745093,,,,0
994,RF,"{'n_estimators': 200, 'max_depth': 10, 'min_samples_split': 2, 'max_features': 'log2'}",pca,False,True,15,[],66,"[[20, 1], [8, 3]]",0.7392857142857143,0.4875,0.5476190476190476,0.5013666072489602,,,,0
996,ET,"{'n_estimators': 100, 'max_depth': 10, 'min_samples_split': 2, 'max_features': 'log2'}",freq,True,True,N/A,[],66,"[[18, 3], [9, 2]]",0.6678571428571428,0.40324074074074073,0.4761904761904762,0.4316993464052287,,,,0
1000,NN,"{'hidden_layer_sizes': (256,), 'activation': 'tanh', 'alpha': 0.001, 'learning_rate_init': 0.0005, 'max_iter': 1000, 'early_stopping': False}",freq,True,True,N/A,[],66,"[[18, 3], [9, 2]]",0.6678571428571428,0.40324074074074073,0.4761904761904762,0.4316993464052287,,,,0
