iteration,model,hp,n_pca,do_scale,dataset_size,mae,rmse,r2,r2_std,score
53,SVM,"{'C': 1, 'kernel': 'poly', 'gamma': 'auto', 'epsilon': 0.5}",15,True,2097,0.37895358719246913,0.41214990705045346,-0.4704284151811233,0.237617212753186,-0.7080456279343094
57,SVM,"{'C': 100, 'kernel': 'rbf', 'gamma': 'auto', 'epsilon': 0.5}",5,False,2097,0.37895358719246913,0.41214990705045346,-0.4704284151811233,0.237617212753186,-0.7080456279343094
43,SVM,"{'C': 10, 'kernel': 'poly', 'gamma': 'auto', 'epsilon': 0.5}",10,False,2097,0.37895358719246913,0.41214990705045346,-0.4704284151811233,0.237617212753186,-0.7080456279343094
44,SVM,"{'C': 10, 'kernel': 'linear', 'gamma': 'scale', 'epsilon': 0.5}",5,False,2097,0.37895358719246913,0.41214990705045346,-0.4704284151811233,0.237617212753186,-0.7080456279343094
33,SVM,"{'C': 100, 'kernel': 'poly', 'gamma': 'scale', 'epsilon': 0.5}",15,False,2097,0.37895358719246913,0.41214990705045346,-0.4704284151811233,0.237617212753186,-0.7080456279343094
29,SVM,"{'C': 100, 'kernel': 'linear', 'gamma': 'scale', 'epsilon': 0.5}",5,True,2097,0.37895358719246913,0.41214990705045346,-0.4704284151811233,0.237617212753186,-0.7080456279343094
19,SVM,"{'C': 1, 'kernel': 'rbf', 'gamma': 'scale', 'epsilon': 0.5}",5,True,2097,0.37895358719246913,0.41214990705045346,-0.4704284151811233,0.237617212753186,-0.7080456279343094
20,SVM,"{'C': 0.1, 'kernel': 'poly', 'gamma': 'auto', 'epsilon': 0.5}",20,True,2097,0.37895358719246913,0.41214990705045346,-0.4704284151811233,0.237617212753186,-0.7080456279343094
18,ET,"{'n_estimators': 500, 'max_depth': None, 'min_samples_split': 2, 'max_features': 0.5}",15,True,2097,0.38083070916238243,0.4314559080097471,-0.34401996613127334,0.4420933944898723,-0.7861133606211457
40,ET,"{'n_estimators': 200, 'max_depth': 30, 'min_samples_split': 2, 'max_features': 'log2'}",5,False,2097,0.38672749620344904,0.43815822706864105,-0.37720213498450866,0.42345922876781406,-0.8006613637523228
3,ET,"{'n_estimators': 100, 'max_depth': 20, 'min_samples_split': 2, 'max_features': 0.5}",20,True,2097,0.38614428964486036,0.43802159354300385,-0.3626416321422948,0.4408876067346499,-0.8035292388769446
6,ET,"{'n_estimators': 100, 'max_depth': 30, 'min_samples_split': 5, 'max_features': 0.5}",5,False,2097,0.3897813699144512,0.44146026087412876,-0.38251559100565835,0.4283069399254671,-0.8108225309311254
14,RF,"{'n_estimators': 100, 'max_depth': 10, 'min_samples_split': 5, 'max_features': 0.5}",20,False,2097,0.38875981701771156,0.4411206799894403,-0.3954946946530788,0.4186231526207856,-0.8141178472738644
67,ET,"{'n_estimators': 500, 'max_depth': None, 'min_samples_split': 2, 'max_features': 'sqrt'}",10,True,2097,0.3860543214708802,0.43754544467029716,-0.3750450009699687,0.45147862116720483,-0.8265236221371735
25,ET,"{'n_estimators': 300, 'max_depth': 20, 'min_samples_split': 2, 'max_features': 'sqrt'}",20,False,2097,0.39336039834092995,0.44672259921227964,-0.3967533829689212,0.43183857653341573,-0.828591959502337
68,ET,"{'n_estimators': 100, 'max_depth': 30, 'min_samples_split': 10, 'max_features': 'sqrt'}",15,False,2097,0.3918962299012372,0.4451194657208209,-0.39152351217415804,0.43859324374857817,-0.8301167559227363
58,RF,"{'n_estimators': 200, 'max_depth': 20, 'min_samples_split': 10, 'max_features': 0.5}",20,False,2097,0.39100102954631,0.4433764450525712,-0.4023981779625021,0.42793591795018354,-0.8303340959126857
38,RF,"{'n_estimators': 500, 'max_depth': 30, 'min_samples_split': 10, 'max_features': 'log2'}",5,True,2097,0.3916983350963743,0.44408855832713107,-0.40847780314191223,0.4276438478185672,-0.8361216509604794
48,ET,"{'n_estimators': 500, 'max_depth': 20, 'min_samples_split': 5, 'max_features': 'sqrt'}",20,True,2097,0.3954906383782905,0.4494183040080071,-0.406560128468771,0.4299167992462275,-0.8364769277149985
56,RF,"{'n_estimators': 200, 'max_depth': 10, 'min_samples_split': 10, 'max_features': 'log2'}",5,False,2097,0.392196460775486,0.4448091787735671,-0.41005283454765323,0.42815564250853366,-0.8382084770561868
10,ET,"{'n_estimators': 500, 'max_depth': 20, 'min_samples_split': 10, 'max_features': 0.5}",10,True,2097,0.39220206154832543,0.445061630122225,-0.3903820742808805,0.4480669649419223,-0.8384490392228028
77,RF,"{'n_estimators': 300, 'max_depth': 10, 'min_samples_split': 10, 'max_features': 'log2'}",5,False,2097,0.39213376165484776,0.44479501432718466,-0.4102824960479868,0.42857965143343946,-0.8388621474814262
62,ET,"{'n_estimators': 300, 'max_depth': 20, 'min_samples_split': 5, 'max_features': 'log2'}",10,False,2097,0.39420723171039906,0.44770501469556295,-0.40167391917956624,0.4381737298168457,-0.839847648996412
11,RF,"{'n_estimators': 200, 'max_depth': 5, 'min_samples_split': 5, 'max_features': 'log2'}",20,False,2097,0.40222766482718253,0.4574952611391283,-0.4500435719373404,0.3900711994737998,-0.8401147714111402
47,RF,"{'n_estimators': 300, 'max_depth': 5, 'min_samples_split': 2, 'max_features': 0.5}",15,False,2097,0.39833786840569924,0.4527880320363566,-0.44125839571164555,0.4001471809723687,-0.8414055766840143
75,RF,"{'n_estimators': 200, 'max_depth': 10, 'min_samples_split': 10, 'max_features': 'sqrt'}",15,True,2097,0.39521139379887743,0.4483419635651879,-0.4182356890877885,0.424137578777281,-0.8423732678650695
17,RF,"{'n_estimators': 100, 'max_depth': 30, 'min_samples_split': 5, 'max_features': 'log2'}",10,True,2097,0.39003685814961014,0.44251234353735797,-0.40417019754572664,0.4382344527768353,-0.842404650322562
52,RF,"{'n_estimators': 200, 'max_depth': 5, 'min_samples_split': 2, 'max_features': 'log2'}",5,True,2097,0.40020220316463023,0.45510198536269275,-0.446580943099439,0.39594427300564766,-0.8425252161050867
73,RF,"{'n_estimators': 500, 'max_depth': None, 'min_samples_split': 5, 'max_features': 0.5}",10,True,2097,0.3887893639499273,0.44101525429989213,-0.3988661612824583,0.44429638983287445,-0.8431625511153327
76,SVM,"{'C': 10, 'kernel': 'rbf', 'gamma': 'scale', 'epsilon': 0.1}",20,True,2097,0.4002564783842048,0.4588907834872325,-0.44575867467615465,0.40097816355519056,-0.8467368382313452
80,ET,"{'n_estimators': 200, 'max_depth': 20, 'min_samples_split': 10, 'max_features': 'log2'}",5,False,2097,0.3975441760028035,0.4514426463683958,-0.41881124749371595,0.42883218172521725,-0.8476434292189332
71,RF,"{'n_estimators': 300, 'max_depth': 5, 'min_samples_split': 5, 'max_features': 'sqrt'}",15,True,2097,0.40392673820382236,0.4593377813557262,-0.45715634138184463,0.3914721624476211,-0.8486285038294658
70,ET,"{'n_estimators': 200, 'max_depth': 10, 'min_samples_split': 2, 'max_features': 0.5}",20,True,2097,0.399468076649709,0.4541475458683868,-0.4264050422830885,0.4237825000817613,-0.8501875423648498
69,RF,"{'n_estimators': 300, 'max_depth': 5, 'min_samples_split': 10, 'max_features': 0.5}",5,False,2097,0.4010326249641238,0.4561245046877546,-0.45104482048870725,0.4004795868790055,-0.8515244073677127
49,RF,"{'n_estimators': 300, 'max_depth': None, 'min_samples_split': 10, 'max_features': 0.5}",10,True,2097,0.3907728520588145,0.4431761083573477,-0.40613917267194993,0.4453858811522665,-0.8515250538242165
60,RF,"{'n_estimators': 500, 'max_depth': 5, 'min_samples_split': 10, 'max_features': 'sqrt'}",5,True,2097,0.40094352359307117,0.45593583818717676,-0.4506220053104086,0.40091186666468615,-0.8515338719750947
12,RF,"{'n_estimators': 300, 'max_depth': 5, 'min_samples_split': 2, 'max_features': 'log2'}",10,True,2097,0.40196803141669807,0.456949365614809,-0.45411702561322026,0.40087756581648115,-0.8549945914297015
4,SVM,"{'C': 100, 'kernel': 'rbf', 'gamma': 'scale', 'epsilon': 0.1}",10,True,2097,0.3996892810829558,0.45501235008272795,-0.43167315282122026,0.4238175851553532,-0.8554907379765735
55,SVM,"{'C': 10, 'kernel': 'poly', 'gamma': 'auto', 'epsilon': 0.1}",15,True,2097,0.4067772930901821,0.4653737339648299,-0.4721382573794042,0.39264388698880914,-0.8647821443682133
50,ET,"{'n_estimators': 200, 'max_depth': 10, 'min_samples_split': 10, 'max_features': 0.5}",10,True,2097,0.4022582209074878,0.45768627362553266,-0.44256325700857896,0.42322925572464937,-0.8657925127332283
22,SVM,"{'C': 1, 'kernel': 'linear', 'gamma': 'scale', 'epsilon': 0.1}",15,True,2097,0.419243710127483,0.4796772660181389,-0.5140074310190703,0.35911913699241876,-0.873126568011489
26,SVM,"{'C': 0.1, 'kernel': 'linear', 'gamma': 'scale', 'epsilon': 0.1}",15,False,2097,0.4211305675592863,0.4820182942147469,-0.5256683088389053,0.35186155632657506,-0.8775298651654804
30,SVM,"{'C': 10, 'kernel': 'linear', 'gamma': 'auto', 'epsilon': 0.1}",10,False,2097,0.4197967967980625,0.4805790415552233,-0.5194684363146519,0.363201892420814,-0.8826703287354659
32,SVM,"{'C': 1, 'kernel': 'linear', 'gamma': 'scale', 'epsilon': 0.1}",10,True,2097,0.4200326755598897,0.48078469294291687,-0.520729225850423,0.36217218920877936,-0.8829014150592024
31,ET,"{'n_estimators': 500, 'max_depth': 10, 'min_samples_split': 2, 'max_features': 'log2'}",15,False,2097,0.41237199383836914,0.46983798355738465,-0.4896800277277902,0.40284795011402014,-0.8925279778418103
24,ET,"{'n_estimators': 200, 'max_depth': 10, 'min_samples_split': 10, 'max_features': 'sqrt'}",20,False,2097,0.4139644813289545,0.4719400545072656,-0.5009261430796831,0.3965323971775697,-0.8974585402572528
66,ET,"{'n_estimators': 300, 'max_depth': 5, 'min_samples_split': 10, 'max_features': 0.5}",20,True,2097,0.42143505916626395,0.48108699976664404,-0.5427952986982344,0.37350884255753586,-0.9163041412557702
15,ET,"{'n_estimators': 100, 'max_depth': 5, 'min_samples_split': 2, 'max_features': 0.5}",5,True,2097,0.42641504531669555,0.4869253676344141,-0.5744148304316333,0.3592772668010711,-0.9336920972327044
51,NN,"{'hidden_layer_sizes': (128, 128), 'activation': 'relu', 'alpha': 0.01, 'learning_rate_init': 0.001, 'max_iter': 1000, 'early_stopping': False}",15,False,2097,0.4227803241133763,0.48288671747816064,-0.565589151089751,0.3735799422959644,-0.9391690933857155
46,NN,"{'hidden_layer_sizes': (256, 256), 'activation': 'tanh', 'alpha': 0.0001, 'learning_rate_init': 0.001, 'max_iter': 1000, 'early_stopping': False}",15,False,2097,0.42478863896165003,0.4852887867826586,-0.5727367306210556,0.3759226637325239,-0.9486593943535795
28,NN,"{'hidden_layer_sizes': (128,), 'activation': 'relu', 'alpha': 0.01, 'learning_rate_init': 0.0005, 'max_iter': 1000, 'early_stopping': False}",5,True,2097,0.4309367989461141,0.49198913291750873,-0.6050283140636538,0.34509177639559335,-0.9501200904592471
39,NN,"{'hidden_layer_sizes': (64, 64), 'activation': 'tanh', 'alpha': 0.0001, 'learning_rate_init': 0.001, 'max_iter': 1000, 'early_stopping': False}",5,True,2097,0.43012905054935063,0.49181929758833315,-0.6035291348278893,0.3514239186952956,-0.9549530535231849
61,ET,"{'n_estimators': 500, 'max_depth': 5, 'min_samples_split': 5, 'max_features': 'log2'}",15,False,2097,0.4307814457486754,0.49209949838047223,-0.5995032562628858,0.3564611134539606,-0.9559643697168464
41,ET,"{'n_estimators': 100, 'max_depth': 5, 'min_samples_split': 10, 'max_features': 'log2'}",15,True,2097,0.43080329376835386,0.4921056316414101,-0.6000450932263494,0.3568822705789482,-0.9569273638052975
78,NN,"{'hidden_layer_sizes': (128,), 'activation': 'tanh', 'alpha': 0.001, 'learning_rate_init': 0.001, 'max_iter': 1000, 'early_stopping': False}",5,True,2097,0.43063804438456627,0.4922295348602624,-0.6050088363894358,0.35251528197581855,-0.9575241183652543
8,NN,"{'hidden_layer_sizes': (128,), 'activation': 'relu', 'alpha': 0.01, 'learning_rate_init': 0.0005, 'max_iter': 1000, 'early_stopping': False}",15,True,2097,0.4261272105303529,0.4855822026087702,-0.5744722748027771,0.3850116656202654,-0.9594839404230424
72,NN,"{'hidden_layer_sizes': (128,), 'activation': 'tanh', 'alpha': 0.001, 'learning_rate_init': 0.001, 'max_iter': 1000, 'early_stopping': False}",5,False,2097,0.4339062338912342,0.49617971509964676,-0.6254891809408187,0.3343322615330553,-0.959821442473874
21,NN,"{'hidden_layer_sizes': (128, 128), 'activation': 'tanh', 'alpha': 0.001, 'learning_rate_init': 0.001, 'max_iter': 1000, 'early_stopping': False}",10,False,2097,0.4318396210899352,0.4933329462211937,-0.6105791378846334,0.34976146775761335,-0.9603406056422468
7,NN,"{'hidden_layer_sizes': (128, 128), 'activation': 'relu', 'alpha': 0.01, 'learning_rate_init': 0.001, 'max_iter': 1000, 'early_stopping': False}",10,True,2097,0.4324221245110147,0.4942116927389339,-0.6123972523361222,0.3617245135865282,-0.9741217659226504
54,NN,"{'hidden_layer_sizes': (64,), 'activation': 'relu', 'alpha': 0.01, 'learning_rate_init': 0.001, 'max_iter': 1000, 'early_stopping': False}",20,True,2097,0.427111361312914,0.48819525873088415,-0.5868238626003021,0.3882299861156227,-0.9750538487159248
1,NN,"{'hidden_layer_sizes': (64, 64), 'activation': 'tanh', 'alpha': 0.0001, 'learning_rate_init': 0.001, 'max_iter': 1000, 'early_stopping': False}",20,False,2097,0.4345048273210448,0.49644475084352635,-0.6276459373461297,0.35488183596840994,-0.9825277733145397
79,NN,"{'hidden_layer_sizes': (128,), 'activation': 'tanh', 'alpha': 0.001, 'learning_rate_init': 0.0005, 'max_iter': 1000, 'early_stopping': False}",20,False,2097,0.4352857520569507,0.4977676966467533,-0.6332805152094246,0.35010740565503995,-0.9833879208644646
23,NN,"{'hidden_layer_sizes': (128,), 'activation': 'tanh', 'alpha': 0.0001, 'learning_rate_init': 0.0005, 'max_iter': 1000, 'early_stopping': False}",10,False,2097,0.4377888503033825,0.5003419417741535,-0.6451887040401302,0.33939597063276056,-0.9845846746728908
63,NN,"{'hidden_layer_sizes': (128, 128), 'activation': 'relu', 'alpha': 0.001, 'learning_rate_init': 0.0005, 'max_iter': 1000, 'early_stopping': False}",20,False,2097,0.4376917092897141,0.4999292048629469,-0.6448807069225088,0.34129815919773365,-0.9861788661202424
9,NN,"{'hidden_layer_sizes': (128, 128), 'activation': 'relu', 'alpha': 0.0001, 'learning_rate_init': 0.0005, 'max_iter': 1000, 'early_stopping': False}",15,False,2097,0.43919321597829625,0.5020583540222044,-0.6573266484506455,0.33710381803851924,-0.9944304664891648
13,NN,"{'hidden_layer_sizes': (64,), 'activation': 'tanh', 'alpha': 0.0001, 'learning_rate_init': 0.0005, 'max_iter': 1000, 'early_stopping': False}",10,False,2097,0.43767710656197495,0.5005122735819028,-0.64885918004226,0.34665974811965994,-0.9955189281619199
27,NN,"{'hidden_layer_sizes': (256,), 'activation': 'relu', 'alpha': 0.0001, 'learning_rate_init': 0.0001, 'max_iter': 1000, 'early_stopping': False}",10,False,2097,0.4437088530418088,0.5067165662897274,-0.6825832714059406,0.3137314111644017,-0.9963146825703422
45,NN,"{'hidden_layer_sizes': (128,), 'activation': 'relu', 'alpha': 0.01, 'learning_rate_init': 0.0005, 'max_iter': 1000, 'early_stopping': False}",10,True,2097,0.43111417177055467,0.4938384822583986,-0.6127799592730131,0.3864180616048276,-0.9991980208778407
34,NN,"{'hidden_layer_sizes': (256,), 'activation': 'tanh', 'alpha': 0.01, 'learning_rate_init': 0.0001, 'max_iter': 1000, 'early_stopping': False}",10,False,2097,0.44160281689834774,0.5045875449076392,-0.6696505844134141,0.3319660158752582,-1.0016166002886724
74,NN,"{'hidden_layer_sizes': (64,), 'activation': 'tanh', 'alpha': 0.01, 'learning_rate_init': 0.0001, 'max_iter': 1000, 'early_stopping': False}",15,False,2097,0.44828475664545553,0.5109389719988212,-0.7106982031666892,0.3017067350142379,-1.012404938180927
16,NN,"{'hidden_layer_sizes': (128, 128), 'activation': 'relu', 'alpha': 0.01, 'learning_rate_init': 0.0001, 'max_iter': 1000, 'early_stopping': False}",5,False,2097,0.4466147541997318,0.5112120814685303,-0.7073852399961064,0.31407978960647315,-1.0214650296025796
59,SVM,"{'C': 100, 'kernel': 'rbf', 'gamma': 'scale', 'epsilon': 0.01}",10,False,2097,0.43305327584555703,0.4971337042785579,-0.6930064700258246,0.39563964513091016,-1.0886461151567348
35,SVM,"{'C': 10, 'kernel': 'rbf', 'gamma': 'scale', 'epsilon': 0.01}",10,False,2097,0.4356784660784713,0.5005145333936903,-0.7136182369245251,0.3893157141427476,-1.1029339510672727
42,SVM,"{'C': 100, 'kernel': 'linear', 'gamma': 'auto', 'epsilon': 0.01}",20,False,2097,0.45763274267698,0.5271509544210567,-0.8145753233425506,0.3032007721710039,-1.1177760955135545
5,NN,"{'hidden_layer_sizes': (64,), 'activation': 'tanh', 'alpha': 0.01, 'learning_rate_init': 0.0001, 'max_iter': 1000, 'early_stopping': False}",5,False,2097,0.4597440220263412,0.5235814511102124,-0.7880150825648795,0.33294937314406386,-1.1209644557089433
65,SVM,"{'C': 100, 'kernel': 'linear', 'gamma': 'scale', 'epsilon': 0.01}",10,False,2097,0.4622172854813332,0.5331633649521585,-0.8529840467066724,0.287309671094054,-1.1402937178007264
36,SVM,"{'C': 10, 'kernel': 'linear', 'gamma': 'auto', 'epsilon': 0.01}",10,False,2097,0.4621855240680581,0.5331690477675782,-0.8530159945347192,0.2872890662147703,-1.1403050607494896
2,SVM,"{'C': 100, 'kernel': 'linear', 'gamma': 'auto', 'epsilon': 0.01}",5,False,2097,0.4673084138842946,0.5398321918120655,-0.897874621382277,0.24613952924368696,-1.144014150625964
37,SVM,"{'C': 0.1, 'kernel': 'linear', 'gamma': 'scale', 'epsilon': 0.01}",5,False,2097,0.4677220558713491,0.5404012347412507,-0.9019169339854175,0.2503106256633541,-1.1522275596487717
64,SVM,"{'C': 0.1, 'kernel': 'poly', 'gamma': 'auto', 'epsilon': 0.01}",15,False,2097,0.46884961528874536,0.541958076582843,-0.9133146619676538,0.2525398380239164,-1.16585449999157
