iteration,model,hp,dim_method,do_scale,n_pca,other_cols,dataset_size,confusion_matrix,accuracy,precision,recall,f1,kappa,kappa_std,score,kappa_nonzero
1,ET,"{'n_estimators': 500, 'max_depth': 10, 'min_samples_split': 2, 'max_features': 0.5}",freq,True,N/A,[],616,"[[0, 0], [16, 280]]",0.945578231292517,0.8333333333333334,0.8061224489795918,0.8185185185185185,,,,0
7,RF,"{'n_estimators': 200, 'max_depth': None, 'min_samples_split': 2, 'max_features': 'log2'}",pca,True,5,[],616,"[[0, 0], [29, 267]]",0.9020737327188941,0.6666666666666666,0.6177035330261137,0.6382141250562303,,,,0
10,ET,"{'n_estimators': 200, 'max_depth': 5, 'min_samples_split': 5, 'max_features': 'log2'}",freq,True,N/A,[],616,"[[0, 0], [5, 291]]",0.9829931972789115,0.8333333333333334,0.8248299319727891,0.8289703315881326,,,,0
17,SVM,"{'C': 0.1, 'kernel': 'linear', 'gamma': 'auto'}",,True,N/A,['drugConcentration'],616,[[296]],1.0,1.0,1.0,1.0,,,,0
18,RF,"{'n_estimators': 300, 'max_depth': 30, 'min_samples_split': 5, 'max_features': 0.5}",freq,True,N/A,[],616,"[[0, 0], [17, 279]]",0.9428900592495063,0.6666666666666666,0.6381116962914198,0.6511770880191933,,,,0
19,ET,"{'n_estimators': 500, 'max_depth': 5, 'min_samples_split': 10, 'max_features': 'log2'}",freq,False,N/A,[],616,"[[0, 0], [5, 291]]",0.9829931972789115,0.8333333333333334,0.8248299319727891,0.8289703315881326,,,,0
23,ET,"{'n_estimators': 200, 'max_depth': 5, 'min_samples_split': 2, 'max_features': 'log2'}",pca,True,10,[],616,"[[0, 0], [20, 276]]",0.9326859776168531,0.6666666666666666,0.6330096554750932,0.6481011307059478,,,,0
24,RF,"{'n_estimators': 300, 'max_depth': 30, 'min_samples_split': 5, 'max_features': 'sqrt'}",freq,False,N/A,[],616,"[[0, 0], [16, 280]]",0.945578231292517,0.8333333333333334,0.8061224489795918,0.8185185185185185,,,,0
27,SVM,"{'C': 1, 'kernel': 'rbf', 'gamma': 'auto'}",pca,False,20,[],616,"[[0, 0], [5, 291]]",0.9829931972789115,0.8333333333333334,0.8248299319727891,0.8289703315881326,,,,0
29,SVM,"{'C': 1, 'kernel': 'rbf', 'gamma': 'scale'}",pca,True,5,[],616,"[[0, 0], [32, 264]]",0.891869651086241,0.6666666666666666,0.6126014922097872,0.6346787715208767,,,,0
32,NN,"{'hidden_layer_sizes': (128, 128), 'activation': 'relu', 'alpha': 0.01, 'learning_rate_init': 0.0005, 'max_iter': 1000, 'early_stopping': False}",pca,True,15,[],616,"[[0, 0], [31, 265]]",0.8952710116304585,0.6666666666666666,0.6143021724818959,0.6358714209062972,,,,0
33,SVM,"{'C': 0.1, 'kernel': 'linear', 'gamma': 'scale'}",freq,True,N/A,[],616,"[[0, 0], [16, 280]]",0.945578231292517,0.8333333333333334,0.8061224489795918,0.8185185185185185,,,,0
35,ET,"{'n_estimators': 200, 'max_depth': 10, 'min_samples_split': 10, 'max_features': 'log2'}",freq,True,N/A,[],616,"[[0, 0], [16, 280]]",0.945578231292517,0.8333333333333334,0.8061224489795918,0.8185185185185185,,,,0
36,ET,"{'n_estimators': 100, 'max_depth': 5, 'min_samples_split': 10, 'max_features': 'sqrt'}",freq,False,N/A,[],616,"[[0, 0], [5, 291]]",0.9829931972789115,0.8333333333333334,0.8248299319727891,0.8289703315881326,,,,0
37,ET,"{'n_estimators': 200, 'max_depth': 30, 'min_samples_split': 5, 'max_features': 0.5}",freq,True,N/A,[],616,"[[0, 0], [16, 280]]",0.945578231292517,0.8333333333333334,0.8061224489795918,0.8185185185185185,,,,0
38,NN,"{'hidden_layer_sizes': (256, 256), 'activation': 'tanh', 'alpha': 0.0001, 'learning_rate_init': 0.001, 'max_iter': 1000, 'early_stopping': False}",freq,False,N/A,[],616,"[[0, 0], [12, 284]]",0.9591836734693877,0.8333333333333334,0.8129251700680271,0.822463768115942,,,,0
41,NN,"{'hidden_layer_sizes': (256, 256), 'activation': 'tanh', 'alpha': 0.0001, 'learning_rate_init': 0.0001, 'max_iter': 1000, 'early_stopping': False}",freq,True,N/A,[],616,"[[0, 0], [14, 282]]",0.9523809523809524,0.8333333333333334,0.8095238095238096,0.8205128205128206,,,,0
42,RF,"{'n_estimators': 200, 'max_depth': 30, 'min_samples_split': 10, 'max_features': 'log2'}",pca,False,10,[],616,"[[0, 0], [31, 265]]",0.8952710116304585,0.6666666666666666,0.6143021724818959,0.6358714209062972,,,,0
44,ET,"{'n_estimators': 100, 'max_depth': 5, 'min_samples_split': 5, 'max_features': 'sqrt'}",pca,False,20,[],616,"[[0, 0], [18, 278]]",0.9387755102040817,0.8333333333333334,0.8027210884353742,0.8164794007490638,,,,0
52,NN,"{'hidden_layer_sizes': (64,), 'activation': 'relu', 'alpha': 0.001, 'learning_rate_init': 0.0001, 'max_iter': 1000, 'early_stopping': False}",,True,N/A,['relationExtrusionWeight'],518,[[249]],1.0,1.0,1.0,1.0,,,,0
53,SVM,"{'C': 10, 'kernel': 'linear', 'gamma': 'auto'}",freq,False,N/A,[],616,"[[0, 0], [16, 280]]",0.945578231292517,0.8333333333333334,0.8061224489795918,0.8185185185185185,,,,0
55,ET,"{'n_estimators': 200, 'max_depth': None, 'min_samples_split': 2, 'max_features': 0.5}",freq,False,N/A,[],616,"[[0, 0], [17, 279]]",0.9428900592495063,0.6666666666666666,0.6381116962914198,0.6511770880191933,,,,0
56,RF,"{'n_estimators': 500, 'max_depth': 30, 'min_samples_split': 10, 'max_features': 0.5}",freq,False,N/A,[],616,"[[0, 0], [16, 280]]",0.945578231292517,0.8333333333333334,0.8061224489795918,0.8185185185185185,,,,0
57,SVM,"{'C': 1, 'kernel': 'linear', 'gamma': 'scale'}",pca,True,10,[],616,"[[0, 0], [32, 264]]",0.891869651086241,0.6666666666666666,0.6126014922097872,0.6346787715208767,,,,0
58,NN,"{'hidden_layer_sizes': (64, 64), 'activation': 'tanh', 'alpha': 0.01, 'learning_rate_init': 0.0005, 'max_iter': 1000, 'early_stopping': False}",pca,False,15,[],616,"[[0, 0], [31, 265]]",0.8952710116304585,0.6666666666666666,0.6143021724818959,0.6358714209062972,,,,0
60,RF,"{'n_estimators': 500, 'max_depth': None, 'min_samples_split': 10, 'max_features': 0.5}",freq,True,N/A,[],616,"[[0, 0], [17, 279]]",0.9428900592495063,0.6666666666666666,0.6381116962914198,0.6511770880191933,,,,0
61,SVM,"{'C': 1, 'kernel': 'linear', 'gamma': 'auto'}",pca,True,15,"['relationExtrusionWeight', 'drugConcentration']",518,"[[0, 0], [35, 214]]",0.8548075677399424,0.5,0.4274037838699712,0.45687458558302546,,,,0
62,NN,"{'hidden_layer_sizes': (256,), 'activation': 'tanh', 'alpha': 0.0001, 'learning_rate_init': 0.0005, 'max_iter': 1000, 'early_stopping': False}",pca,True,5,[],616,"[[0, 0], [24, 272]]",0.9190805354399826,0.6666666666666666,0.626206934386658,0.6438339066875726,,,,0
64,ET,"{'n_estimators': 500, 'max_depth': 20, 'min_samples_split': 2, 'max_features': 'sqrt'}",pca,True,10,"['relationExtrusionWeight', 'drugConcentration']",518,"[[0, 0], [44, 205]]",0.8042492550848556,0.6666666666666666,0.5687912942090945,0.6086898395721926,,,,0
65,RF,"{'n_estimators': 300, 'max_depth': 5, 'min_samples_split': 10, 'max_features': 'log2'}",pca,False,20,[],616,"[[0, 0], [32, 264]]",0.891869651086241,0.6666666666666666,0.6126014922097872,0.6346787715208767,,,,0
68,ET,"{'n_estimators': 200, 'max_depth': None, 'min_samples_split': 10, 'max_features': 'log2'}",,True,N/A,"['relationExtrusionWeight', 'drugConcentration']",518,"[[0, 0], [24, 225]]",0.902463451822177,0.5,0.4512317259110885,0.4741864391563351,,,,0
69,NN,"{'hidden_layer_sizes': (128, 128), 'activation': 'relu', 'alpha': 0.001, 'learning_rate_init': 0.001, 'max_iter': 1000, 'early_stopping': False}",pca,False,20,[],616,"[[0, 0], [31, 265]]",0.8952710116304585,0.6666666666666666,0.6143021724818959,0.6358714209062972,,,,0
70,ET,"{'n_estimators': 500, 'max_depth': 20, 'min_samples_split': 2, 'max_features': 'sqrt'}",freq,False,N/A,[],616,"[[0, 0], [16, 280]]",0.945578231292517,0.8333333333333334,0.8061224489795918,0.8185185185185185,,,,0
72,SVM,"{'C': 100, 'kernel': 'poly', 'gamma': 'scale'}",pca,True,20,[],616,"[[0, 0], [31, 265]]",0.8952710116304585,0.6666666666666666,0.6143021724818959,0.6358714209062972,,,,0
73,NN,"{'hidden_layer_sizes': (128,), 'activation': 'tanh', 'alpha': 0.001, 'learning_rate_init': 0.0001, 'max_iter': 1000, 'early_stopping': False}",freq,False,N/A,[],616,"[[0, 0], [5, 291]]",0.9829931972789115,0.8333333333333334,0.8248299319727891,0.8289703315881326,,,,0
75,NN,"{'hidden_layer_sizes': (64, 64), 'activation': 'tanh', 'alpha': 0.01, 'learning_rate_init': 0.001, 'max_iter': 1000, 'early_stopping': False}",pca,False,20,['drugConcentration'],616,"[[0, 0], [32, 264]]",0.891869651086241,0.6666666666666666,0.6126014922097872,0.6346787715208767,,,,0
76,RF,"{'n_estimators': 500, 'max_depth': 5, 'min_samples_split': 2, 'max_features': 'log2'}",freq,True,N/A,[],616,"[[0, 0], [15, 281]]",0.9489795918367347,0.8333333333333334,0.8078231292517007,0.8195211786372006,,,,0
77,RF,"{'n_estimators': 200, 'max_depth': 30, 'min_samples_split': 2, 'max_features': 'sqrt'}",,False,N/A,['relationExtrusionWeight'],518,[[249]],1.0,1.0,1.0,1.0,,,,0
79,NN,"{'hidden_layer_sizes': (64, 64), 'activation': 'relu', 'alpha': 0.01, 'learning_rate_init': 0.0001, 'max_iter': 1000, 'early_stopping': False}",pca,True,10,[],616,"[[0, 0], [32, 264]]",0.891869651086241,0.6666666666666666,0.6126014922097872,0.6346787715208767,,,,0
81,NN,"{'hidden_layer_sizes': (64, 64), 'activation': 'relu', 'alpha': 0.01, 'learning_rate_init': 0.0001, 'max_iter': 1000, 'early_stopping': False}",pca,False,5,[],616,"[[0, 0], [24, 272]]",0.9190805354399826,0.6666666666666666,0.626206934386658,0.6438339066875726,,,,0
82,ET,"{'n_estimators': 300, 'max_depth': 5, 'min_samples_split': 5, 'max_features': 0.5}",freq,True,N/A,[],616,"[[0, 0], [14, 282]]",0.9523809523809524,0.8333333333333334,0.8095238095238096,0.8205128205128206,,,,0
87,RF,"{'n_estimators': 500, 'max_depth': None, 'min_samples_split': 2, 'max_features': 'sqrt'}",freq,True,N/A,[],616,"[[0, 0], [16, 280]]",0.9462914197937241,0.6666666666666666,0.6398123765635287,0.6521797481378755,,,,0
93,SVM,"{'C': 100, 'kernel': 'poly', 'gamma': 'auto'}",pca,True,10,['drugConcentration'],616,"[[0, 0], [30, 266]]",0.8979591836734694,0.8333333333333334,0.7823129251700681,0.8032128514056224,,,,0
97,SVM,"{'C': 100, 'kernel': 'linear', 'gamma': 'auto'}",freq,True,N/A,[],616,"[[0, 0], [16, 280]]",0.945578231292517,0.8333333333333334,0.8061224489795918,0.8185185185185185,,,,0
99,SVM,"{'C': 10, 'kernel': 'poly', 'gamma': 'auto'}",,False,N/A,['relationExtrusionWeight'],518,"[[0, 0], [249, 0]]",0.0,0.0,0.0,0.0,,,,0
102,ET,"{'n_estimators': 200, 'max_depth': 30, 'min_samples_split': 5, 'max_features': 0.5}",freq,False,N/A,[],616,"[[0, 0], [16, 280]]",0.945578231292517,0.8333333333333334,0.8061224489795918,0.8185185185185185,,,,0
107,NN,"{'hidden_layer_sizes': (128,), 'activation': 'tanh', 'alpha': 0.001, 'learning_rate_init': 0.0005, 'max_iter': 1000, 'early_stopping': False}",freq,True,N/A,[],616,"[[0, 0], [17, 279]]",0.9421768707482993,0.8333333333333334,0.804421768707483,0.8175046554934823,,,,0
108,RF,"{'n_estimators': 200, 'max_depth': 20, 'min_samples_split': 10, 'max_features': 0.5}",freq,True,N/A,[],616,"[[0, 0], [17, 279]]",0.9428900592495063,0.6666666666666666,0.6381116962914198,0.6511770880191933,,,,0
109,RF,"{'n_estimators': 200, 'max_depth': None, 'min_samples_split': 2, 'max_features': 0.5}",freq,True,N/A,[],616,"[[0, 0], [16, 280]]",0.9462914197937241,0.6666666666666666,0.6398123765635287,0.6521797481378755,,,,0
110,NN,"{'hidden_layer_sizes': (256, 256), 'activation': 'relu', 'alpha': 0.01, 'learning_rate_init': 0.001, 'max_iter': 1000, 'early_stopping': False}",freq,False,N/A,[],616,"[[0, 0], [19, 277]]",0.935374149659864,0.8333333333333334,0.8010204081632653,0.815442561205273,,,,0
111,RF,"{'n_estimators': 300, 'max_depth': None, 'min_samples_split': 2, 'max_features': 'log2'}",pca,True,5,[],616,"[[0, 0], [29, 267]]",0.9020737327188941,0.6666666666666666,0.6177035330261137,0.6382141250562303,,,,0
113,RF,"{'n_estimators': 300, 'max_depth': 20, 'min_samples_split': 2, 'max_features': 'log2'}",pca,True,5,[],616,"[[0, 0], [29, 267]]",0.9020737327188941,0.6666666666666666,0.6177035330261137,0.6382141250562303,,,,0
114,ET,"{'n_estimators': 200, 'max_depth': 5, 'min_samples_split': 2, 'max_features': 'log2'}",pca,True,5,['drugConcentration'],616,"[[0, 0], [30, 266]]",0.8986723721746763,0.6666666666666666,0.6160028527540048,0.637049787065545,,,,0
115,NN,"{'hidden_layer_sizes': (128, 128), 'activation': 'relu', 'alpha': 0.01, 'learning_rate_init': 0.0005, 'max_iter': 1000, 'early_stopping': False}",pca,False,10,[],616,"[[0, 0], [32, 264]]",0.891869651086241,0.6666666666666666,0.6126014922097872,0.6346787715208767,,,,0
121,RF,"{'n_estimators': 300, 'max_depth': 10, 'min_samples_split': 2, 'max_features': 0.5}",pca,True,10,[],616,"[[0, 0], [29, 267]]",0.9020737327188941,0.6666666666666666,0.6177035330261137,0.6382141250562303,,,,0
122,ET,"{'n_estimators': 300, 'max_depth': 10, 'min_samples_split': 10, 'max_features': 0.5}",freq,False,N/A,[],616,"[[0, 0], [16, 280]]",0.945578231292517,0.8333333333333334,0.8061224489795918,0.8185185185185185,,,,0
123,RF,"{'n_estimators': 300, 'max_depth': 30, 'min_samples_split': 5, 'max_features': 'sqrt'}",pca,False,5,[],616,"[[0, 0], [29, 267]]",0.9020737327188941,0.6666666666666666,0.6177035330261137,0.6382141250562303,,,,0
126,RF,"{'n_estimators': 300, 'max_depth': 5, 'min_samples_split': 10, 'max_features': 0.5}",freq,True,N/A,[],616,"[[0, 0], [17, 279]]",0.9428900592495063,0.6666666666666666,0.6381116962914198,0.6511770880191933,,,,0
127,NN,"{'hidden_layer_sizes': (128, 128), 'activation': 'relu', 'alpha': 0.001, 'learning_rate_init': 0.0001, 'max_iter': 1000, 'early_stopping': False}",freq,False,N/A,[],616,"[[0, 0], [13, 283]]",0.95578231292517,0.8333333333333334,0.8112244897959183,0.8214936247723132,,,,0
135,SVM,"{'C': 100, 'kernel': 'poly', 'gamma': 'auto'}",freq,False,N/A,['relationExtrusionWeight'],518,"[[0, 0], [249, 0]]",0.0,0.0,0.0,0.0,,,,0
137,NN,"{'hidden_layer_sizes': (64,), 'activation': 'relu', 'alpha': 0.01, 'learning_rate_init': 0.001, 'max_iter': 1000, 'early_stopping': False}",pca,True,10,[],616,"[[0, 0], [32, 264]]",0.891869651086241,0.6666666666666666,0.6126014922097872,0.6346787715208767,,,,0
138,SVM,"{'C': 10, 'kernel': 'poly', 'gamma': 'scale'}",freq,True,N/A,[],616,"[[0, 0], [15, 281]]",0.9489795918367347,0.8333333333333334,0.8078231292517007,0.8195211786372006,,,,0
146,SVM,"{'C': 1, 'kernel': 'poly', 'gamma': 'auto'}",pca,False,20,[],616,[[296]],1.0,1.0,1.0,1.0,,,,0
148,ET,"{'n_estimators': 300, 'max_depth': 30, 'min_samples_split': 10, 'max_features': 'sqrt'}",pca,False,20,[],616,"[[0, 0], [31, 265]]",0.8952710116304585,0.6666666666666666,0.6143021724818959,0.6358714209062972,,,,0
149,ET,"{'n_estimators': 200, 'max_depth': None, 'min_samples_split': 5, 'max_features': 0.5}",freq,False,N/A,[],616,"[[0, 0], [16, 280]]",0.945578231292517,0.8333333333333334,0.8061224489795918,0.8185185185185185,,,,0
154,NN,"{'hidden_layer_sizes': (64,), 'activation': 'tanh', 'alpha': 0.01, 'learning_rate_init': 0.001, 'max_iter': 1000, 'early_stopping': False}",freq,False,N/A,[],616,"[[0, 0], [8, 288]]",0.9727891156462585,0.8333333333333334,0.8197278911564626,0.8262411347517732,,,,0
158,RF,"{'n_estimators': 200, 'max_depth': 20, 'min_samples_split': 2, 'max_features': 0.5}",freq,False,N/A,[],616,"[[0, 0], [15, 281]]",0.9489795918367347,0.8333333333333334,0.8078231292517007,0.8195211786372006,,,,0
160,SVM,"{'C': 100, 'kernel': 'linear', 'gamma': 'auto'}",pca,True,20,[],616,"[[0, 0], [32, 264]]",0.891869651086241,0.6666666666666666,0.6126014922097872,0.6346787715208767,,,,0
161,RF,"{'n_estimators': 100, 'max_depth': 30, 'min_samples_split': 10, 'max_features': 'log2'}",freq,False,N/A,[],616,"[[0, 0], [16, 280]]",0.945578231292517,0.8333333333333334,0.8061224489795918,0.8185185185185185,,,,0
165,RF,"{'n_estimators': 500, 'max_depth': 10, 'min_samples_split': 10, 'max_features': 'log2'}",pca,False,20,[],616,"[[0, 0], [31, 265]]",0.8952710116304585,0.6666666666666666,0.6143021724818959,0.6358714209062972,,,,0
167,RF,"{'n_estimators': 300, 'max_depth': 20, 'min_samples_split': 10, 'max_features': 'sqrt'}",pca,False,15,[],616,"[[0, 0], [31, 265]]",0.8952710116304585,0.6666666666666666,0.6143021724818959,0.6358714209062972,,,,0
173,SVM,"{'C': 100, 'kernel': 'linear', 'gamma': 'auto'}",pca,True,5,[],616,"[[0, 0], [32, 264]]",0.891869651086241,0.6666666666666666,0.6126014922097872,0.6346787715208767,,,,0
176,RF,"{'n_estimators': 200, 'max_depth': 30, 'min_samples_split': 5, 'max_features': 0.5}",freq,True,N/A,[],616,"[[0, 0], [17, 279]]",0.9428900592495063,0.6666666666666666,0.6381116962914198,0.6511770880191933,,,,0
177,RF,"{'n_estimators': 500, 'max_depth': 10, 'min_samples_split': 2, 'max_features': 'log2'}",freq,True,N/A,[],616,"[[0, 0], [15, 281]]",0.9496927803379416,0.6666666666666666,0.6415130568356374,0.6531713900134953,,,,0
178,NN,"{'hidden_layer_sizes': (64, 64), 'activation': 'relu', 'alpha': 0.01, 'learning_rate_init': 0.001, 'max_iter': 1000, 'early_stopping': False}",,False,N/A,"['relationExtrusionWeight', 'drugConcentration']",518,"[[0, 0], [62, 187]]",0.6666666666666666,0.6666666666666666,0.6666666666666666,0.6666666666666666,,,,0
179,SVM,"{'C': 0.1, 'kernel': 'poly', 'gamma': 'scale'}",freq,True,N/A,[],616,[[296]],1.0,1.0,1.0,1.0,,,,0
183,NN,"{'hidden_layer_sizes': (256,), 'activation': 'tanh', 'alpha': 0.001, 'learning_rate_init': 0.0001, 'max_iter': 1000, 'early_stopping': False}",pca,False,5,[],616,"[[0, 0], [19, 277]]",0.9360873381610709,0.6666666666666666,0.6347103357472021,0.6491379702497384,,,,0
185,ET,"{'n_estimators': 200, 'max_depth': 30, 'min_samples_split': 5, 'max_features': 'log2'}",freq,False,N/A,[],616,"[[0, 0], [16, 280]]",0.945578231292517,0.8333333333333334,0.8061224489795918,0.8185185185185185,,,,0
186,ET,"{'n_estimators': 100, 'max_depth': 5, 'min_samples_split': 5, 'max_features': 0.5}",freq,True,N/A,[],616,"[[0, 0], [12, 284]]",0.9591836734693877,0.8333333333333334,0.8129251700680271,0.822463768115942,,,,0
187,ET,"{'n_estimators': 200, 'max_depth': 20, 'min_samples_split': 2, 'max_features': 0.5}",freq,False,N/A,[],616,"[[0, 0], [17, 279]]",0.9428900592495063,0.6666666666666666,0.6381116962914198,0.6511770880191933,,,,0
189,ET,"{'n_estimators': 200, 'max_depth': 10, 'min_samples_split': 10, 'max_features': 0.5}",pca,False,10,[],616,"[[0, 0], [31, 265]]",0.8952710116304585,0.6666666666666666,0.6143021724818959,0.6358714209062972,,,,0
190,RF,"{'n_estimators': 200, 'max_depth': 20, 'min_samples_split': 2, 'max_features': 0.5}",pca,False,20,[],616,"[[0, 0], [30, 266]]",0.8986723721746763,0.6666666666666666,0.6160028527540048,0.637049787065545,,,,0
191,NN,"{'hidden_layer_sizes': (64, 64), 'activation': 'tanh', 'alpha': 0.01, 'learning_rate_init': 0.0001, 'max_iter': 1000, 'early_stopping': False}",freq,False,N/A,[],616,"[[0, 0], [7, 289]]",0.9761904761904763,0.8333333333333334,0.8214285714285715,0.8271604938271605,,,,0
195,SVM,"{'C': 100, 'kernel': 'rbf', 'gamma': 'scale'}",freq,True,N/A,[],616,"[[0, 0], [15, 281]]",0.9489795918367347,0.8333333333333334,0.8078231292517007,0.8195211786372006,,,,0
196,SVM,"{'C': 0.1, 'kernel': 'rbf', 'gamma': 'auto'}",freq,False,N/A,[],616,[[296]],1.0,1.0,1.0,1.0,,,,0
199,NN,"{'hidden_layer_sizes': (128,), 'activation': 'relu', 'alpha': 0.001, 'learning_rate_init': 0.0005, 'max_iter': 1000, 'early_stopping': False}",pca,False,5,[],616,"[[0, 0], [24, 272]]",0.9190805354399826,0.6666666666666666,0.626206934386658,0.6438339066875726,,,,0
203,NN,"{'hidden_layer_sizes': (256,), 'activation': 'tanh', 'alpha': 0.01, 'learning_rate_init': 0.0005, 'max_iter': 1000, 'early_stopping': False}",freq,True,N/A,[],616,"[[0, 0], [17, 279]]",0.9421768707482993,0.8333333333333334,0.804421768707483,0.8175046554934823,,,,0
204,SVM,"{'C': 100, 'kernel': 'poly', 'gamma': 'scale'}",freq,False,N/A,[],616,"[[0, 0], [5, 291]]",0.9829931972789115,0.8333333333333334,0.8248299319727891,0.8289703315881326,,,,0
206,RF,"{'n_estimators': 200, 'max_depth': 10, 'min_samples_split': 2, 'max_features': 'sqrt'}",pca,True,20,[],616,"[[0, 0], [31, 265]]",0.8952710116304585,0.6666666666666666,0.6143021724818959,0.6358714209062972,,,,0
208,SVM,"{'C': 1, 'kernel': 'linear', 'gamma': 'auto'}",freq,True,N/A,[],616,"[[0, 0], [16, 280]]",0.945578231292517,0.8333333333333334,0.8061224489795918,0.8185185185185185,,,,0
214,RF,"{'n_estimators': 300, 'max_depth': 20, 'min_samples_split': 10, 'max_features': 0.5}",freq,False,N/A,[],616,"[[0, 0], [16, 280]]",0.945578231292517,0.8333333333333334,0.8061224489795918,0.8185185185185185,,,,0
218,SVM,"{'C': 1, 'kernel': 'rbf', 'gamma': 'auto'}",freq,True,N/A,[],616,"[[0, 0], [15, 281]]",0.9489795918367347,0.8333333333333334,0.8078231292517007,0.8195211786372006,,,,0
219,NN,"{'hidden_layer_sizes': (64, 64), 'activation': 'relu', 'alpha': 0.0001, 'learning_rate_init': 0.0005, 'max_iter': 1000, 'early_stopping': False}",,False,N/A,['drugConcentration'],616,"[[0, 0], [3, 293]]",0.9864864864864865,0.8333333333333334,0.8265765765765766,0.8298850574712643,,,,0
220,ET,"{'n_estimators': 200, 'max_depth': 5, 'min_samples_split': 5, 'max_features': 'log2'}",pca,False,5,[],616,"[[0, 0], [30, 266]]",0.8986723721746763,0.6666666666666666,0.6160028527540048,0.637049787065545,,,,0
224,SVM,"{'C': 100, 'kernel': 'poly', 'gamma': 'auto'}",pca,True,20,[],616,"[[0, 0], [31, 265]]",0.8952710116304585,0.6666666666666666,0.6143021724818959,0.6358714209062972,,,,0
231,ET,"{'n_estimators': 300, 'max_depth': 10, 'min_samples_split': 5, 'max_features': 0.5}",pca,False,5,[],616,"[[0, 0], [31, 265]]",0.8952710116304585,0.6666666666666666,0.6143021724818959,0.6358714209062972,,,,0
232,SVM,"{'C': 10, 'kernel': 'rbf', 'gamma': 'scale'}",,False,N/A,['drugConcentration'],616,"[[0, 0], [3, 293]]",0.9864864864864865,0.8333333333333334,0.8265765765765766,0.8298850574712643,,,,0
234,SVM,"{'C': 10, 'kernel': 'rbf', 'gamma': 'scale'}",pca,True,15,[],616,"[[0, 0], [32, 264]]",0.891869651086241,0.6666666666666666,0.6126014922097872,0.6346787715208767,,,,0
235,ET,"{'n_estimators': 100, 'max_depth': None, 'min_samples_split': 2, 'max_features': 'log2'}",pca,False,15,[],616,"[[0, 0], [64, 232]]",0.8072745227123107,0.6666666666666666,0.570303928022822,0.6103380094271551,,,,0
240,SVM,"{'C': 10, 'kernel': 'rbf', 'gamma': 'scale'}",freq,True,N/A,['relationExtrusionWeight'],518,"[[0, 0], [20, 229]]",0.9142375955434642,0.6666666666666666,0.6237854644383988,0.6433333333333333,,,,0
241,RF,"{'n_estimators': 500, 'max_depth': 30, 'min_samples_split': 10, 'max_features': 'sqrt'}",freq,True,N/A,[],616,"[[0, 0], [16, 280]]",0.9462914197937241,0.6666666666666666,0.6398123765635287,0.6521797481378755,,,,0
242,RF,"{'n_estimators': 500, 'max_depth': 20, 'min_samples_split': 10, 'max_features': 'sqrt'}",pca,True,5,[],616,"[[0, 0], [30, 266]]",0.8986723721746763,0.6666666666666666,0.6160028527540048,0.637049787065545,,,,0
246,ET,"{'n_estimators': 300, 'max_depth': 5, 'min_samples_split': 10, 'max_features': 'sqrt'}",,False,N/A,"['relationExtrusionWeight', 'drugConcentration']",518,[[249]],1.0,1.0,1.0,1.0,,,,0
250,ET,"{'n_estimators': 100, 'max_depth': None, 'min_samples_split': 2, 'max_features': 0.5}",freq,False,N/A,[],616,"[[0, 0], [17, 279]]",0.9428900592495063,0.6666666666666666,0.6381116962914198,0.6511770880191933,,,,0
253,RF,"{'n_estimators': 100, 'max_depth': 20, 'min_samples_split': 5, 'max_features': 'sqrt'}",pca,False,20,[],616,"[[0, 0], [30, 266]]",0.8986723721746763,0.6666666666666666,0.6160028527540048,0.637049787065545,,,,0
257,NN,"{'hidden_layer_sizes': (128,), 'activation': 'tanh', 'alpha': 0.001, 'learning_rate_init': 0.001, 'max_iter': 1000, 'early_stopping': False}",freq,False,N/A,"['relationExtrusionWeight', 'drugConcentration']",518,[[249]],1.0,1.0,1.0,1.0,,,,0
262,NN,"{'hidden_layer_sizes': (256, 256), 'activation': 'relu', 'alpha': 0.01, 'learning_rate_init': 0.001, 'max_iter': 1000, 'early_stopping': False}",pca,True,20,[],616,"[[0, 0], [31, 265]]",0.8945578231292517,0.8333333333333334,0.7806122448979592,0.8020202020202021,,,,0
266,ET,"{'n_estimators': 100, 'max_depth': 20, 'min_samples_split': 2, 'max_features': 0.5}",pca,False,10,[],616,"[[0, 0], [32, 264]]",0.8925828395874479,0.6666666666666666,0.6129580864603906,0.6351911711888203,,,,0
268,RF,"{'n_estimators': 100, 'max_depth': 10, 'min_samples_split': 2, 'max_features': 0.5}",freq,False,N/A,[],616,"[[0, 0], [15, 281]]",0.9489795918367347,0.8333333333333334,0.8078231292517007,0.8195211786372006,,,,0
270,RF,"{'n_estimators': 500, 'max_depth': 20, 'min_samples_split': 2, 'max_features': 0.5}",pca,True,5,[],616,"[[0, 0], [29, 267]]",0.9020737327188941,0.6666666666666666,0.6177035330261137,0.6382141250562303,,,,0
271,SVM,"{'C': 1, 'kernel': 'linear', 'gamma': 'scale'}",pca,False,5,[],616,"[[0, 0], [18, 278]]",0.9394886987052885,0.6666666666666666,0.6364110160193109,0.650163224994157,,,,0
274,ET,"{'n_estimators': 500, 'max_depth': 10, 'min_samples_split': 10, 'max_features': 0.5}",pca,True,10,[],616,"[[0, 0], [31, 265]]",0.8952710116304585,0.6666666666666666,0.6143021724818959,0.6358714209062972,,,,0
275,NN,"{'hidden_layer_sizes': (128,), 'activation': 'tanh', 'alpha': 0.0001, 'learning_rate_init': 0.001, 'max_iter': 1000, 'early_stopping': False}",freq,False,N/A,[],616,"[[0, 0], [9, 287]]",0.9693877551020408,0.8333333333333334,0.8180272108843537,0.8253119429590018,,,,0
276,RF,"{'n_estimators': 300, 'max_depth': 20, 'min_samples_split': 2, 'max_features': 0.5}",freq,False,N/A,[],616,"[[0, 0], [15, 281]]",0.9489795918367347,0.8333333333333334,0.8078231292517007,0.8195211786372006,,,,0
277,ET,"{'n_estimators': 200, 'max_depth': 20, 'min_samples_split': 10, 'max_features': 'sqrt'}",pca,True,15,[],616,"[[0, 0], [32, 264]]",0.8925828395874479,0.6666666666666666,0.6129580864603906,0.6351911711888203,,,,0
278,NN,"{'hidden_layer_sizes': (64,), 'activation': 'tanh', 'alpha': 0.0001, 'learning_rate_init': 0.0001, 'max_iter': 1000, 'early_stopping': False}",freq,False,N/A,[],616,"[[0, 0], [5, 291]]",0.9829931972789115,0.8333333333333334,0.8248299319727891,0.8289703315881326,,,,0
279,NN,"{'hidden_layer_sizes': (128, 128), 'activation': 'tanh', 'alpha': 0.0001, 'learning_rate_init': 0.0001, 'max_iter': 1000, 'early_stopping': False}",freq,True,N/A,[],616,"[[0, 0], [17, 279]]",0.9421768707482993,0.8333333333333334,0.804421768707483,0.8175046554934823,,,,0
281,ET,"{'n_estimators': 500, 'max_depth': 30, 'min_samples_split': 5, 'max_features': 0.5}",freq,True,N/A,['drugConcentration'],616,"[[0, 0], [34, 262]]",0.881757498116945,0.5,0.4408787490584725,0.4657564783775616,,,,0
283,NN,"{'hidden_layer_sizes': (128, 128), 'activation': 'relu', 'alpha': 0.01, 'learning_rate_init': 0.0001, 'max_iter': 1000, 'early_stopping': False}",freq,False,N/A,[],616,"[[0, 0], [14, 282]]",0.9523809523809524,0.8333333333333334,0.8095238095238096,0.8205128205128206,,,,0
285,ET,"{'n_estimators': 200, 'max_depth': 20, 'min_samples_split': 2, 'max_features': 0.5}",pca,False,20,[],616,"[[0, 0], [72, 224]]",0.7850559578670177,0.6666666666666666,0.5591946456001755,0.602565602214684,,,,0
287,ET,"{'n_estimators': 300, 'max_depth': 30, 'min_samples_split': 10, 'max_features': 'log2'}",freq,False,N/A,[],616,"[[0, 0], [16, 280]]",0.945578231292517,0.8333333333333334,0.8061224489795918,0.8185185185185185,,,,0
289,SVM,"{'C': 0.1, 'kernel': 'rbf', 'gamma': 'auto'}",pca,False,5,[],616,[[296]],1.0,1.0,1.0,1.0,,,,0
290,SVM,"{'C': 100, 'kernel': 'poly', 'gamma': 'auto'}",pca,False,15,[],616,[[296]],1.0,1.0,1.0,1.0,,,,0
291,SVM,"{'C': 0.1, 'kernel': 'linear', 'gamma': 'scale'}",,False,N/A,['relationExtrusionWeight'],518,"[[0, 0], [249, 0]]",0.0,0.0,0.0,0.0,,,,0
292,ET,"{'n_estimators': 500, 'max_depth': 20, 'min_samples_split': 2, 'max_features': 'log2'}",pca,True,15,[],616,"[[0, 0], [65, 231]]",0.803873162168093,0.6666666666666666,0.5686032477507131,0.6091596432679073,,,,0
298,SVM,"{'C': 100, 'kernel': 'poly', 'gamma': 'scale'}",freq,True,N/A,[],616,"[[0, 0], [18, 278]]",0.9387755102040817,0.8333333333333334,0.8027210884353742,0.8164794007490638,,,,0
300,ET,"{'n_estimators': 300, 'max_depth': None, 'min_samples_split': 10, 'max_features': 'log2'}",freq,True,N/A,[],616,"[[0, 0], [16, 280]]",0.945578231292517,0.8333333333333334,0.8061224489795918,0.8185185185185185,,,,0
302,ET,"{'n_estimators': 300, 'max_depth': 20, 'min_samples_split': 2, 'max_features': 'sqrt'}",pca,False,10,[],616,"[[0, 0], [32, 264]]",0.8925828395874479,0.6666666666666666,0.6129580864603906,0.6351911711888203,,,,0
306,NN,"{'hidden_layer_sizes': (256, 256), 'activation': 'relu', 'alpha': 0.0001, 'learning_rate_init': 0.0005, 'max_iter': 1000, 'early_stopping': False}",pca,False,10,[],616,"[[0, 0], [32, 264]]",0.891869651086241,0.6666666666666666,0.6126014922097872,0.6346787715208767,,,,0
308,SVM,"{'C': 10, 'kernel': 'poly', 'gamma': 'scale'}",pca,True,15,['drugConcentration'],616,"[[0, 0], [31, 265]]",0.8952710116304585,0.6666666666666666,0.6143021724818959,0.6358714209062972,,,,0
310,NN,"{'hidden_layer_sizes': (64, 64), 'activation': 'tanh', 'alpha': 0.0001, 'learning_rate_init': 0.0001, 'max_iter': 1000, 'early_stopping': False}",freq,True,N/A,[],616,"[[0, 0], [14, 282]]",0.9523809523809524,0.8333333333333334,0.8095238095238096,0.8205128205128206,,,,0
312,ET,"{'n_estimators': 300, 'max_depth': None, 'min_samples_split': 10, 'max_features': 0.5}",pca,True,20,[],616,"[[0, 0], [33, 263]]",0.8898946675444371,0.6666666666666666,0.6116140004388853,0.6345053684124252,,,,0
314,NN,"{'hidden_layer_sizes': (256, 256), 'activation': 'tanh', 'alpha': 0.0001, 'learning_rate_init': 0.0005, 'max_iter': 1000, 'early_stopping': False}",pca,True,20,[],616,"[[0, 0], [31, 265]]",0.8952710116304585,0.6666666666666666,0.6143021724818959,0.6358714209062972,,,,0
317,SVM,"{'C': 100, 'kernel': 'linear', 'gamma': 'auto'}",pca,False,15,[],616,"[[0, 0], [32, 264]]",0.891869651086241,0.6666666666666666,0.6126014922097872,0.6346787715208767,,,,0
318,ET,"{'n_estimators': 500, 'max_depth': 5, 'min_samples_split': 2, 'max_features': 'sqrt'}",freq,False,N/A,[],616,"[[0, 0], [5, 291]]",0.9829931972789115,0.8333333333333334,0.8248299319727891,0.8289703315881326,,,,0
319,ET,"{'n_estimators': 100, 'max_depth': 10, 'min_samples_split': 5, 'max_features': 'log2'}",freq,True,N/A,['drugConcentration'],616,"[[0, 0], [16, 280]]",0.9444750873322302,0.6666666666666666,0.6389042103327818,0.6517207251224615,,,,0
324,SVM,"{'C': 10, 'kernel': 'rbf', 'gamma': 'auto'}",,False,N/A,['drugConcentration'],616,"[[0, 0], [57, 239]]",0.8284878031421811,0.5,0.41424390157109053,0.45139590476120856,,,,0
327,ET,"{'n_estimators': 500, 'max_depth': 30, 'min_samples_split': 10, 'max_features': 0.5}",pca,False,5,[],616,"[[0, 0], [32, 264]]",0.8925828395874479,0.6666666666666666,0.6129580864603906,0.6351911711888203,,,,0
330,ET,"{'n_estimators': 100, 'max_depth': None, 'min_samples_split': 10, 'max_features': 0.5}",freq,True,N/A,"['relationExtrusionWeight', 'drugConcentration']",518,"[[0, 0], [39, 210]]",0.8202487368830159,0.6666666666666666,0.5767910351081746,0.6147239529248875,,,,0
332,NN,"{'hidden_layer_sizes': (128,), 'activation': 'tanh', 'alpha': 0.001, 'learning_rate_init': 0.0005, 'max_iter': 1000, 'early_stopping': False}",freq,False,N/A,[],616,"[[0, 0], [8, 288]]",0.9727891156462585,0.8333333333333334,0.8197278911564626,0.8262411347517732,,,,0
334,SVM,"{'C': 0.1, 'kernel': 'poly', 'gamma': 'auto'}",freq,False,N/A,[],616,[[296]],1.0,1.0,1.0,1.0,,,,0
344,ET,"{'n_estimators': 100, 'max_depth': None, 'min_samples_split': 10, 'max_features': 'log2'}",freq,False,N/A,[],616,"[[0, 0], [16, 280]]",0.945578231292517,0.8333333333333334,0.8061224489795918,0.8185185185185185,,,,0
346,SVM,"{'C': 100, 'kernel': 'linear', 'gamma': 'scale'}",pca,False,15,[],616,"[[0, 0], [32, 264]]",0.891869651086241,0.6666666666666666,0.6126014922097872,0.6346787715208767,,,,0
352,NN,"{'hidden_layer_sizes': (256,), 'activation': 'tanh', 'alpha': 0.0001, 'learning_rate_init': 0.0005, 'max_iter': 1000, 'early_stopping': False}",freq,True,N/A,[],616,"[[0, 0], [17, 279]]",0.9421768707482993,0.8333333333333334,0.804421768707483,0.8175046554934823,,,,0
353,NN,"{'hidden_layer_sizes': (128, 128), 'activation': 'tanh', 'alpha': 0.001, 'learning_rate_init': 0.001, 'max_iter': 1000, 'early_stopping': False}",pca,False,5,[],616,"[[0, 0], [23, 273]]",0.9224818959842,0.6666666666666666,0.6279076146587667,0.6449191058991423,,,,0
355,ET,"{'n_estimators': 300, 'max_depth': 30, 'min_samples_split': 10, 'max_features': 'sqrt'}",pca,True,15,[],616,"[[0, 0], [31, 265]]",0.8952710116304585,0.6666666666666666,0.6143021724818959,0.6358714209062972,,,,0
356,ET,"{'n_estimators': 500, 'max_depth': None, 'min_samples_split': 2, 'max_features': 'log2'}",freq,False,N/A,[],616,"[[0, 0], [16, 280]]",0.945578231292517,0.8333333333333334,0.8061224489795918,0.8185185185185185,,,,0
359,NN,"{'hidden_layer_sizes': (256, 256), 'activation': 'tanh', 'alpha': 0.01, 'learning_rate_init': 0.001, 'max_iter': 1000, 'early_stopping': False}",pca,True,20,[],616,"[[0, 0], [31, 265]]",0.8952710116304585,0.6666666666666666,0.6143021724818959,0.6358714209062972,,,,0
360,SVM,"{'C': 10, 'kernel': 'poly', 'gamma': 'auto'}",,True,N/A,"['relationExtrusionWeight', 'drugConcentration']",518,[[249]],1.0,1.0,1.0,1.0,,,,0
361,SVM,"{'C': 100, 'kernel': 'linear', 'gamma': 'scale'}",freq,False,N/A,['relationExtrusionWeight'],518,[[249]],1.0,1.0,1.0,1.0,,,,0
362,ET,"{'n_estimators': 200, 'max_depth': 10, 'min_samples_split': 10, 'max_features': 0.5}",freq,True,N/A,[],616,"[[0, 0], [16, 280]]",0.945578231292517,0.8333333333333334,0.8061224489795918,0.8185185185185185,,,,0
363,ET,"{'n_estimators': 500, 'max_depth': None, 'min_samples_split': 5, 'max_features': 0.5}",freq,False,N/A,[],616,"[[0, 0], [16, 280]]",0.945578231292517,0.8333333333333334,0.8061224489795918,0.8185185185185185,,,,0
370,ET,"{'n_estimators': 100, 'max_depth': 10, 'min_samples_split': 5, 'max_features': 0.5}",pca,False,15,[],616,"[[0, 0], [38, 258]]",0.8764538073293834,0.6666666666666666,0.6048935703313584,0.6309906291834003,,,,0
372,ET,"{'n_estimators': 200, 'max_depth': 20, 'min_samples_split': 10, 'max_features': 'sqrt'}",pca,False,15,[],616,"[[0, 0], [32, 264]]",0.8925828395874479,0.6666666666666666,0.6129580864603906,0.6351911711888203,,,,0
373,SVM,"{'C': 0.1, 'kernel': 'linear', 'gamma': 'scale'}",freq,False,N/A,[],616,"[[0, 0], [5, 291]]",0.9829931972789115,0.8333333333333334,0.8248299319727891,0.8289703315881326,,,,0
378,NN,"{'hidden_layer_sizes': (128, 128), 'activation': 'relu', 'alpha': 0.0001, 'learning_rate_init': 0.0001, 'max_iter': 1000, 'early_stopping': False}",freq,False,N/A,[],616,"[[0, 0], [13, 283]]",0.95578231292517,0.8333333333333334,0.8112244897959183,0.8214936247723132,,,,0
380,RF,"{'n_estimators': 500, 'max_depth': 20, 'min_samples_split': 10, 'max_features': 'log2'}",pca,True,15,[],616,"[[0, 0], [31, 265]]",0.8952710116304585,0.6666666666666666,0.6143021724818959,0.6358714209062972,,,,0
384,SVM,"{'C': 100, 'kernel': 'linear', 'gamma': 'auto'}",pca,True,5,['relationExtrusionWeight'],518,"[[0, 0], [35, 214]]",0.8548075677399424,0.5,0.4274037838699712,0.45687458558302546,,,,0
385,ET,"{'n_estimators': 200, 'max_depth': None, 'min_samples_split': 5, 'max_features': 0.5}",,False,N/A,['drugConcentration'],616,"[[0, 0], [57, 239]]",0.8303041356036749,0.5,0.41515206780183744,0.4516370540200714,,,,0
387,ET,"{'n_estimators': 500, 'max_depth': 20, 'min_samples_split': 5, 'max_features': 'sqrt'}",pca,False,10,[],616,"[[0, 0], [31, 265]]",0.8952710116304585,0.6666666666666666,0.6143021724818959,0.6358714209062972,,,,0
389,SVM,"{'C': 1, 'kernel': 'rbf', 'gamma': 'auto'}",pca,False,15,[],616,"[[0, 0], [6, 290]]",0.979591836734694,0.8333333333333334,0.8231292517006802,0.8280701754385964,,,,0
390,ET,"{'n_estimators': 100, 'max_depth': 10, 'min_samples_split': 10, 'max_features': 'log2'}",freq,True,N/A,[],616,"[[0, 0], [16, 280]]",0.945578231292517,0.8333333333333334,0.8061224489795918,0.8185185185185185,,,,0
392,ET,"{'n_estimators': 300, 'max_depth': 5, 'min_samples_split': 10, 'max_features': 'sqrt'}",pca,False,10,[],616,"[[0, 0], [19, 277]]",0.935374149659864,0.8333333333333334,0.8010204081632653,0.815442561205273,,,,0
394,ET,"{'n_estimators': 300, 'max_depth': None, 'min_samples_split': 5, 'max_features': 'log2'}",freq,True,N/A,"['relationExtrusionWeight', 'drugConcentration']",518,"[[0, 0], [47, 202]]",0.788120222826791,0.6666666666666666,0.5607267780800621,0.6034222100054976,,,,0
395,RF,"{'n_estimators': 500, 'max_depth': 5, 'min_samples_split': 10, 'max_features': 'sqrt'}",freq,False,N/A,[],616,"[[0, 0], [15, 281]]",0.9489795918367347,0.8333333333333334,0.8078231292517007,0.8195211786372006,,,,0
397,ET,"{'n_estimators': 500, 'max_depth': 5, 'min_samples_split': 2, 'max_features': 'log2'}",pca,False,10,[],616,"[[0, 0], [20, 276]]",0.9326859776168531,0.6666666666666666,0.6330096554750932,0.6481011307059478,,,,0
404,NN,"{'hidden_layer_sizes': (64, 64), 'activation': 'relu', 'alpha': 0.01, 'learning_rate_init': 0.0001, 'max_iter': 1000, 'early_stopping': False}",,False,N/A,['drugConcentration'],616,[[296]],1.0,1.0,1.0,1.0,,,,0
406,SVM,"{'C': 0.1, 'kernel': 'poly', 'gamma': 'auto'}",pca,False,5,[],616,[[296]],1.0,1.0,1.0,1.0,,,,0
407,NN,"{'hidden_layer_sizes': (128,), 'activation': 'tanh', 'alpha': 0.001, 'learning_rate_init': 0.0005, 'max_iter': 1000, 'early_stopping': False}",pca,False,15,[],616,"[[0, 0], [31, 265]]",0.8952710116304585,0.6666666666666666,0.6143021724818959,0.6358714209062972,,,,0
410,NN,"{'hidden_layer_sizes': (64,), 'activation': 'tanh', 'alpha': 0.01, 'learning_rate_init': 0.0005, 'max_iter': 1000, 'early_stopping': False}",freq,True,N/A,[],616,"[[0, 0], [18, 278]]",0.9387755102040817,0.8333333333333334,0.8027210884353742,0.8164794007490638,,,,0
412,ET,"{'n_estimators': 300, 'max_depth': None, 'min_samples_split': 10, 'max_features': 0.5}",pca,False,10,[],616,"[[0, 0], [31, 265]]",0.8952710116304585,0.6666666666666666,0.6143021724818959,0.6358714209062972,,,,0
415,RF,"{'n_estimators': 300, 'max_depth': 20, 'min_samples_split': 5, 'max_features': 'sqrt'}",freq,False,N/A,[],616,"[[0, 0], [16, 280]]",0.945578231292517,0.8333333333333334,0.8061224489795918,0.8185185185185185,,,,0
417,NN,"{'hidden_layer_sizes': (128,), 'activation': 'relu', 'alpha': 0.001, 'learning_rate_init': 0.0005, 'max_iter': 1000, 'early_stopping': False}",pca,False,20,[],616,"[[0, 0], [31, 265]]",0.8952710116304585,0.6666666666666666,0.6143021724818959,0.6358714209062972,,,,0
418,RF,"{'n_estimators': 200, 'max_depth': 5, 'min_samples_split': 10, 'max_features': 'log2'}",freq,True,N/A,['relationExtrusionWeight'],518,"[[0, 0], [9, 240]]",0.9584143023707735,0.6666666666666666,0.6458738178520534,0.6559351276742581,,,,0
420,RF,"{'n_estimators': 100, 'max_depth': None, 'min_samples_split': 10, 'max_features': 'sqrt'}",freq,True,N/A,[],616,"[[0, 0], [17, 279]]",0.9428900592495063,0.6666666666666666,0.6381116962914198,0.6511770880191933,,,,0
422,ET,"{'n_estimators': 200, 'max_depth': None, 'min_samples_split': 5, 'max_features': 0.5}",freq,True,N/A,[],616,"[[0, 0], [16, 280]]",0.945578231292517,0.8333333333333334,0.8061224489795918,0.8185185185185185,,,,0
427,RF,"{'n_estimators': 500, 'max_depth': None, 'min_samples_split': 10, 'max_features': 'sqrt'}",pca,False,5,[],616,"[[0, 0], [30, 266]]",0.8986723721746763,0.6666666666666666,0.6160028527540048,0.637049787065545,,,,0
428,SVM,"{'C': 100, 'kernel': 'rbf', 'gamma': 'scale'}",freq,False,N/A,[],616,"[[0, 0], [32, 264]]",0.8997147245995172,0.6666666666666666,0.6165240289664253,0.6392526964560863,,,,0
434,NN,"{'hidden_layer_sizes': (128, 128), 'activation': 'tanh', 'alpha': 0.01, 'learning_rate_init': 0.001, 'max_iter': 1000, 'early_stopping': False}",pca,True,20,"['relationExtrusionWeight', 'drugConcentration']",518,"[[0, 0], [34, 215]]",0.8588236319969704,0.5,0.4294118159984852,0.45835948611258037,,,,0
435,RF,"{'n_estimators': 300, 'max_depth': 10, 'min_samples_split': 2, 'max_features': 'sqrt'}",pca,False,10,[],616,"[[0, 0], [30, 266]]",0.8986723721746763,0.6666666666666666,0.6160028527540048,0.637049787065545,,,,0
438,SVM,"{'C': 0.1, 'kernel': 'linear', 'gamma': 'auto'}",freq,True,N/A,[],616,"[[0, 0], [16, 280]]",0.945578231292517,0.8333333333333334,0.8061224489795918,0.8185185185185185,,,,0
441,ET,"{'n_estimators': 200, 'max_depth': 5, 'min_samples_split': 2, 'max_features': 'sqrt'}",pca,False,15,[],616,"[[0, 0], [16, 280]]",0.945578231292517,0.8333333333333334,0.8061224489795918,0.8185185185185185,,,,0
444,SVM,"{'C': 0.1, 'kernel': 'poly', 'gamma': 'auto'}",freq,True,N/A,[],616,[[296]],1.0,1.0,1.0,1.0,,,,0
446,RF,"{'n_estimators': 300, 'max_depth': 5, 'min_samples_split': 5, 'max_features': 0.5}",freq,True,N/A,[],616,"[[0, 0], [17, 279]]",0.9428900592495063,0.6666666666666666,0.6381116962914198,0.6511770880191933,,,,0
449,NN,"{'hidden_layer_sizes': (64,), 'activation': 'relu', 'alpha': 0.0001, 'learning_rate_init': 0.001, 'max_iter': 1000, 'early_stopping': False}",freq,True,N/A,[],616,"[[0, 0], [18, 278]]",0.9387755102040817,0.8333333333333334,0.8027210884353742,0.8164794007490638,,,,0
453,SVM,"{'C': 1, 'kernel': 'rbf', 'gamma': 'scale'}",freq,False,N/A,[],616,"[[0, 0], [16, 280]]",0.945578231292517,0.8333333333333334,0.8061224489795918,0.8185185185185185,,,,0
456,SVM,"{'C': 10, 'kernel': 'poly', 'gamma': 'scale'}",,True,N/A,"['relationExtrusionWeight', 'drugConcentration']",518,[[249]],1.0,1.0,1.0,1.0,,,,0
458,ET,"{'n_estimators': 200, 'max_depth': 20, 'min_samples_split': 5, 'max_features': 'log2'}",pca,True,10,[],616,"[[0, 0], [32, 264]]",0.8925828395874479,0.6666666666666666,0.6129580864603906,0.6351911711888203,,,,0
460,ET,"{'n_estimators': 100, 'max_depth': None, 'min_samples_split': 5, 'max_features': 'log2'}",freq,True,N/A,[],616,"[[0, 0], [16, 280]]",0.945578231292517,0.8333333333333334,0.8061224489795918,0.8185185185185185,,,,0
462,SVM,"{'C': 100, 'kernel': 'poly', 'gamma': 'auto'}",freq,True,N/A,[],616,"[[0, 0], [18, 278]]",0.9387755102040817,0.8333333333333334,0.8027210884353742,0.8164794007490638,,,,0
464,RF,"{'n_estimators': 500, 'max_depth': 5, 'min_samples_split': 2, 'max_features': 'sqrt'}",freq,True,N/A,[],616,"[[0, 0], [15, 281]]",0.9489795918367347,0.8333333333333334,0.8078231292517007,0.8195211786372006,,,,0
466,RF,"{'n_estimators': 200, 'max_depth': 10, 'min_samples_split': 2, 'max_features': 'sqrt'}",,True,N/A,['relationExtrusionWeight'],518,[[249]],1.0,1.0,1.0,1.0,,,,0
469,ET,"{'n_estimators': 300, 'max_depth': 30, 'min_samples_split': 2, 'max_features': 0.5}",pca,True,10,[],616,"[[0, 0], [32, 264]]",0.8925828395874479,0.6666666666666666,0.6129580864603906,0.6351911711888203,,,,0
471,ET,"{'n_estimators': 100, 'max_depth': 30, 'min_samples_split': 2, 'max_features': 'sqrt'}",pca,True,5,"['relationExtrusionWeight', 'drugConcentration']",518,"[[0, 0], [40, 209]]",0.8257546314289416,0.6666666666666666,0.5795439823811375,0.6152820777433781,,,,0
474,NN,"{'hidden_layer_sizes': (64, 64), 'activation': 'relu', 'alpha': 0.01, 'learning_rate_init': 0.0005, 'max_iter': 1000, 'early_stopping': False}",pca,False,10,[],616,"[[0, 0], [32, 264]]",0.891869651086241,0.6666666666666666,0.6126014922097872,0.6346787715208767,,,,0
476,SVM,"{'C': 10, 'kernel': 'poly', 'gamma': 'auto'}",freq,True,N/A,[],616,"[[0, 0], [15, 281]]",0.9489795918367347,0.8333333333333334,0.8078231292517007,0.8195211786372006,,,,0
477,NN,"{'hidden_layer_sizes': (256,), 'activation': 'tanh', 'alpha': 0.0001, 'learning_rate_init': 0.0001, 'max_iter': 1000, 'early_stopping': False}",freq,False,N/A,[],616,"[[0, 0], [5, 291]]",0.9829931972789115,0.8333333333333334,0.8248299319727891,0.8289703315881326,,,,0
480,NN,"{'hidden_layer_sizes': (64,), 'activation': 'tanh', 'alpha': 0.01, 'learning_rate_init': 0.0001, 'max_iter': 1000, 'early_stopping': False}",freq,True,N/A,[],616,"[[0, 0], [18, 278]]",0.9387755102040817,0.8333333333333334,0.8027210884353742,0.8164794007490638,,,,0
486,SVM,"{'C': 100, 'kernel': 'rbf', 'gamma': 'scale'}",pca,False,20,[],616,"[[0, 0], [34, 262]]",0.8864933070002193,0.6666666666666666,0.6099133201667764,0.6333127190270047,,,,0
489,SVM,"{'C': 10, 'kernel': 'poly', 'gamma': 'scale'}",freq,False,N/A,[],616,"[[0, 0], [5, 291]]",0.9829931972789115,0.8333333333333334,0.8248299319727891,0.8289703315881326,,,,0
493,SVM,"{'C': 100, 'kernel': 'linear', 'gamma': 'scale'}",pca,True,20,[],616,"[[0, 0], [32, 264]]",0.891869651086241,0.6666666666666666,0.6126014922097872,0.6346787715208767,,,,0
495,NN,"{'hidden_layer_sizes': (64,), 'activation': 'tanh', 'alpha': 0.001, 'learning_rate_init': 0.001, 'max_iter': 1000, 'early_stopping': False}",freq,True,N/A,[],616,"[[0, 0], [18, 278]]",0.9387755102040817,0.8333333333333334,0.8027210884353742,0.8164794007490638,,,,0
496,SVM,"{'C': 10, 'kernel': 'rbf', 'gamma': 'scale'}",freq,True,N/A,[],616,"[[0, 0], [15, 281]]",0.9489795918367347,0.8333333333333334,0.8078231292517007,0.8195211786372006,,,,0
498,SVM,"{'C': 0.1, 'kernel': 'poly', 'gamma': 'auto'}",pca,True,5,['relationExtrusionWeight'],518,"[[0, 0], [24, 225]]",0.8989842745672516,0.5,0.4494921372836258,0.47209734135199977,,,,0
500,NN,"{'hidden_layer_sizes': (64, 64), 'activation': 'relu', 'alpha': 0.01, 'learning_rate_init': 0.001, 'max_iter': 1000, 'early_stopping': False}",freq,False,N/A,[],616,"[[0, 0], [16, 280]]",0.945578231292517,0.8333333333333334,0.8061224489795918,0.8185185185185185,,,,0
501,NN,"{'hidden_layer_sizes': (256, 256), 'activation': 'relu', 'alpha': 0.01, 'learning_rate_init': 0.0001, 'max_iter': 1000, 'early_stopping': False}",pca,False,5,[],616,"[[0, 0], [26, 270]]",0.9122778143515471,0.6666666666666666,0.6228055738424403,0.6416254310991153,,,,0
503,ET,"{'n_estimators': 200, 'max_depth': 5, 'min_samples_split': 5, 'max_features': 0.5}",freq,False,N/A,[],616,"[[0, 0], [13, 283]]",0.95578231292517,0.8333333333333334,0.8112244897959183,0.8214936247723132,,,,0
507,SVM,"{'C': 1, 'kernel': 'poly', 'gamma': 'auto'}",freq,False,N/A,[],616,[[296]],1.0,1.0,1.0,1.0,,,,0
508,RF,"{'n_estimators': 100, 'max_depth': 5, 'min_samples_split': 5, 'max_features': 'sqrt'}",pca,True,15,[],616,"[[0, 0], [32, 264]]",0.891869651086241,0.6666666666666666,0.6126014922097872,0.6346787715208767,,,,0
511,NN,"{'hidden_layer_sizes': (128, 128), 'activation': 'tanh', 'alpha': 0.001, 'learning_rate_init': 0.0001, 'max_iter': 1000, 'early_stopping': False}",pca,False,15,[],616,"[[0, 0], [31, 265]]",0.8952710116304585,0.6666666666666666,0.6143021724818959,0.6358714209062972,,,,0
513,NN,"{'hidden_layer_sizes': (256,), 'activation': 'relu', 'alpha': 0.0001, 'learning_rate_init': 0.0005, 'max_iter': 1000, 'early_stopping': False}",freq,True,N/A,[],616,"[[0, 0], [18, 278]]",0.9387755102040817,0.8333333333333334,0.8027210884353742,0.8164794007490638,,,,0
514,SVM,"{'C': 0.1, 'kernel': 'poly', 'gamma': 'scale'}",freq,False,N/A,[],616,"[[0, 0], [5, 291]]",0.9829931972789115,0.8333333333333334,0.8248299319727891,0.8289703315881326,,,,0
516,SVM,"{'C': 0.1, 'kernel': 'poly', 'gamma': 'scale'}",pca,False,10,[],616,"[[0, 0], [21, 275]]",0.9292846170726355,0.6666666666666666,0.6313089752029845,0.6470525088946141,,,,0
517,RF,"{'n_estimators': 200, 'max_depth': 30, 'min_samples_split': 5, 'max_features': 'log2'}",pca,False,15,[],616,"[[0, 0], [31, 265]]",0.8952710116304585,0.6666666666666666,0.6143021724818959,0.6358714209062972,,,,0
519,NN,"{'hidden_layer_sizes': (128, 128), 'activation': 'relu', 'alpha': 0.01, 'learning_rate_init': 0.0005, 'max_iter': 1000, 'early_stopping': False}",,True,N/A,['relationExtrusionWeight'],518,[[249]],1.0,1.0,1.0,1.0,,,,0
520,ET,"{'n_estimators': 100, 'max_depth': 10, 'min_samples_split': 5, 'max_features': 'log2'}",pca,False,5,[],616,"[[0, 0], [31, 265]]",0.8952710116304585,0.6666666666666666,0.6143021724818959,0.6358714209062972,,,,0
522,ET,"{'n_estimators': 500, 'max_depth': 10, 'min_samples_split': 10, 'max_features': 0.5}",pca,True,20,[],616,"[[0, 0], [31, 265]]",0.8952710116304585,0.6666666666666666,0.6143021724818959,0.6358714209062972,,,,0
523,RF,"{'n_estimators': 500, 'max_depth': 20, 'min_samples_split': 5, 'max_features': 'log2'}",freq,False,N/A,[],616,"[[0, 0], [15, 281]]",0.9489795918367347,0.8333333333333334,0.8078231292517007,0.8195211786372006,,,,0
530,NN,"{'hidden_layer_sizes': (256,), 'activation': 'relu', 'alpha': 0.01, 'learning_rate_init': 0.001, 'max_iter': 1000, 'early_stopping': False}",freq,True,N/A,[],616,"[[0, 0], [18, 278]]",0.9387755102040817,0.8333333333333334,0.8027210884353742,0.8164794007490638,,,,0
531,NN,"{'hidden_layer_sizes': (256, 256), 'activation': 'relu', 'alpha': 0.0001, 'learning_rate_init': 0.001, 'max_iter': 1000, 'early_stopping': False}",pca,False,5,[],616,"[[0, 0], [32, 264]]",0.891869651086241,0.6666666666666666,0.6126014922097872,0.6346787715208767,,,,0
534,NN,"{'hidden_layer_sizes': (64,), 'activation': 'tanh', 'alpha': 0.01, 'learning_rate_init': 0.0001, 'max_iter': 1000, 'early_stopping': False}",freq,False,N/A,[],616,"[[0, 0], [5, 291]]",0.9829931972789115,0.8333333333333334,0.8248299319727891,0.8289703315881326,,,,0
539,NN,"{'hidden_layer_sizes': (64,), 'activation': 'tanh', 'alpha': 0.001, 'learning_rate_init': 0.0001, 'max_iter': 1000, 'early_stopping': False}",freq,True,N/A,[],616,"[[0, 0], [18, 278]]",0.9387755102040817,0.8333333333333334,0.8027210884353742,0.8164794007490638,,,,0
540,ET,"{'n_estimators': 500, 'max_depth': 5, 'min_samples_split': 2, 'max_features': 0.5}",pca,True,20,[],616,"[[0, 0], [20, 276]]",0.9326859776168531,0.6666666666666666,0.6330096554750932,0.6481011307059478,,,,0
541,SVM,"{'C': 0.1, 'kernel': 'poly', 'gamma': 'scale'}",pca,False,5,[],616,"[[0, 0], [21, 275]]",0.9292846170726355,0.6666666666666666,0.6313089752029845,0.6470525088946141,,,,0
542,SVM,"{'C': 10, 'kernel': 'rbf', 'gamma': 'scale'}",freq,False,N/A,[],616,"[[0, 0], [16, 280]]",0.945578231292517,0.8333333333333334,0.8061224489795918,0.8185185185185185,,,,0
543,SVM,"{'C': 10, 'kernel': 'linear', 'gamma': 'scale'}",pca,False,20,[],616,"[[0, 0], [32, 264]]",0.891869651086241,0.6666666666666666,0.6126014922097872,0.6346787715208767,,,,0
544,NN,"{'hidden_layer_sizes': (128,), 'activation': 'relu', 'alpha': 0.0001, 'learning_rate_init': 0.0001, 'max_iter': 1000, 'early_stopping': False}",pca,False,15,[],616,"[[0, 0], [31, 265]]",0.8952710116304585,0.6666666666666666,0.6143021724818959,0.6358714209062972,,,,0
546,NN,"{'hidden_layer_sizes': (256, 256), 'activation': 'relu', 'alpha': 0.01, 'learning_rate_init': 0.001, 'max_iter': 1000, 'early_stopping': False}",freq,True,N/A,[],616,"[[0, 0], [19, 277]]",0.935374149659864,0.8333333333333334,0.8010204081632653,0.815442561205273,,,,0
549,NN,"{'hidden_layer_sizes': (256,), 'activation': 'tanh', 'alpha': 0.01, 'learning_rate_init': 0.001, 'max_iter': 1000, 'early_stopping': False}",,True,N/A,['relationExtrusionWeight'],518,[[249]],1.0,1.0,1.0,1.0,,,,0
550,NN,"{'hidden_layer_sizes': (128, 128), 'activation': 'tanh', 'alpha': 0.001, 'learning_rate_init': 0.0001, 'max_iter': 1000, 'early_stopping': False}",freq,False,N/A,[],616,"[[0, 0], [8, 288]]",0.9727891156462585,0.8333333333333334,0.8197278911564626,0.8262411347517732,,,,0
554,NN,"{'hidden_layer_sizes': (64,), 'activation': 'tanh', 'alpha': 0.0001, 'learning_rate_init': 0.0005, 'max_iter': 1000, 'early_stopping': False}",pca,False,5,[],616,"[[0, 0], [21, 275]]",0.9292846170726355,0.6666666666666666,0.6313089752029845,0.6470525088946141,,,,0
557,SVM,"{'C': 0.1, 'kernel': 'linear', 'gamma': 'auto'}",pca,False,20,[],616,"[[0, 0], [5, 291]]",0.9829931972789115,0.8333333333333334,0.8248299319727891,0.8289703315881326,,,,0
558,RF,"{'n_estimators': 200, 'max_depth': 10, 'min_samples_split': 2, 'max_features': 'sqrt'}",freq,True,N/A,[],616,"[[0, 0], [16, 280]]",0.9462914197937241,0.6666666666666666,0.6398123765635287,0.6521797481378755,,,,0
559,SVM,"{'C': 100, 'kernel': 'rbf', 'gamma': 'scale'}",,True,N/A,['relationExtrusionWeight'],518,[[249]],1.0,1.0,1.0,1.0,,,,0
561,RF,"{'n_estimators': 300, 'max_depth': 10, 'min_samples_split': 2, 'max_features': 0.5}",freq,False,N/A,[],616,"[[0, 0], [15, 281]]",0.9489795918367347,0.8333333333333334,0.8078231292517007,0.8195211786372006,,,,0
564,ET,"{'n_estimators': 100, 'max_depth': 5, 'min_samples_split': 5, 'max_features': 'sqrt'}",pca,False,5,[],616,"[[0, 0], [28, 268]]",0.9054750932631116,0.6666666666666666,0.6194042132982225,0.6393646838990968,,,,0
565,SVM,"{'C': 10, 'kernel': 'poly', 'gamma': 'auto'}",pca,True,5,[],616,"[[0, 0], [32, 264]]",0.891869651086241,0.6666666666666666,0.6126014922097872,0.6346787715208767,,,,0
566,NN,"{'hidden_layer_sizes': (256, 256), 'activation': 'tanh', 'alpha': 0.01, 'learning_rate_init': 0.0001, 'max_iter': 1000, 'early_stopping': False}",pca,False,15,[],616,"[[0, 0], [31, 265]]",0.8952710116304585,0.6666666666666666,0.6143021724818959,0.6358714209062972,,,,0
567,SVM,"{'C': 10, 'kernel': 'poly', 'gamma': 'scale'}",freq,True,N/A,"['relationExtrusionWeight', 'drugConcentration']",518,"[[0, 0], [47, 202]]",0.8098585408632046,0.5,0.4049292704316023,0.4408601874657909,,,,0
569,ET,"{'n_estimators': 300, 'max_depth': 5, 'min_samples_split': 2, 'max_features': 0.5}",pca,True,15,[],616,"[[0, 0], [26, 270]]",0.9122778143515471,0.6666666666666666,0.6228055738424403,0.6416254310991153,,,,0
571,RF,"{'n_estimators': 200, 'max_depth': 20, 'min_samples_split': 10, 'max_features': 0.5}",pca,True,20,[],616,"[[0, 0], [31, 265]]",0.8952710116304585,0.6666666666666666,0.6143021724818959,0.6358714209062972,,,,0
573,NN,"{'hidden_layer_sizes': (256, 256), 'activation': 'tanh', 'alpha': 0.01, 'learning_rate_init': 0.0001, 'max_iter': 1000, 'early_stopping': False}",freq,False,N/A,[],616,"[[0, 0], [8, 288]]",0.9727891156462585,0.8333333333333334,0.8197278911564626,0.8262411347517732,,,,0
575,SVM,"{'C': 100, 'kernel': 'rbf', 'gamma': 'scale'}",pca,True,20,[],616,"[[0, 0], [32, 264]]",0.891869651086241,0.6666666666666666,0.6126014922097872,0.6346787715208767,,,,0
577,RF,"{'n_estimators': 100, 'max_depth': 5, 'min_samples_split': 5, 'max_features': 'sqrt'}",freq,True,N/A,[],616,"[[0, 0], [15, 281]]",0.9489795918367347,0.8333333333333334,0.8078231292517007,0.8195211786372006,,,,0
578,ET,"{'n_estimators': 200, 'max_depth': 5, 'min_samples_split': 2, 'max_features': 'log2'}",freq,False,N/A,[],616,"[[0, 0], [5, 291]]",0.9829931972789115,0.8333333333333334,0.8248299319727891,0.8289703315881326,,,,0
580,NN,"{'hidden_layer_sizes': (256,), 'activation': 'relu', 'alpha': 0.001, 'learning_rate_init': 0.0001, 'max_iter': 1000, 'early_stopping': False}",pca,False,20,[],616,"[[0, 0], [31, 265]]",0.8952710116304585,0.6666666666666666,0.6143021724818959,0.6358714209062972,,,,0
581,RF,"{'n_estimators': 100, 'max_depth': 20, 'min_samples_split': 2, 'max_features': 0.5}",freq,True,N/A,[],616,"[[0, 0], [16, 280]]",0.9462914197937241,0.6666666666666666,0.6398123765635287,0.6521797481378755,,,,0
582,ET,"{'n_estimators': 500, 'max_depth': 10, 'min_samples_split': 5, 'max_features': 'sqrt'}",pca,False,20,[],616,"[[0, 0], [31, 265]]",0.8952710116304585,0.6666666666666666,0.6143021724818959,0.6358714209062972,,,,0
596,RF,"{'n_estimators': 300, 'max_depth': 20, 'min_samples_split': 10, 'max_features': 'sqrt'}",pca,True,10,[],616,"[[0, 0], [31, 265]]",0.8952710116304585,0.6666666666666666,0.6143021724818959,0.6358714209062972,,,,0
598,SVM,"{'C': 100, 'kernel': 'poly', 'gamma': 'auto'}",pca,True,20,['relationExtrusionWeight'],518,"[[0, 0], [34, 215]]",0.8580126959450706,0.6666666666666666,0.595673014639202,0.6243464052287582,,,,0
601,SVM,"{'C': 1, 'kernel': 'linear', 'gamma': 'auto'}",freq,False,N/A,[],616,"[[0, 0], [7, 289]]",0.9761904761904763,0.8333333333333334,0.8214285714285715,0.8271604938271605,,,,0
605,ET,"{'n_estimators': 200, 'max_depth': None, 'min_samples_split': 10, 'max_features': 0.5}",pca,True,15,[],616,"[[0, 0], [34, 262]]",0.8872064955014264,0.6666666666666666,0.6102699144173799,0.6338139443017973,,,,0
606,SVM,"{'C': 100, 'kernel': 'rbf', 'gamma': 'scale'}",pca,False,5,[],616,"[[0, 0], [30, 266]]",0.8986723721746763,0.6666666666666666,0.6160028527540048,0.637049787065545,,,,0
612,SVM,"{'C': 10, 'kernel': 'rbf', 'gamma': 'scale'}",,False,N/A,['relationExtrusionWeight'],518,[[249]],1.0,1.0,1.0,1.0,,,,0
620,RF,"{'n_estimators': 100, 'max_depth': 20, 'min_samples_split': 5, 'max_features': 0.5}",freq,True,N/A,[],616,"[[0, 0], [17, 279]]",0.9428900592495063,0.6666666666666666,0.6381116962914198,0.6511770880191933,,,,0
621,NN,"{'hidden_layer_sizes': (128,), 'activation': 'tanh', 'alpha': 0.01, 'learning_rate_init': 0.0005, 'max_iter': 1000, 'early_stopping': False}",freq,True,N/A,[],616,"[[0, 0], [17, 279]]",0.9421768707482993,0.8333333333333334,0.804421768707483,0.8175046554934823,,,,0
622,RF,"{'n_estimators': 200, 'max_depth': 10, 'min_samples_split': 2, 'max_features': 'sqrt'}",pca,True,10,[],616,"[[0, 0], [30, 266]]",0.8986723721746763,0.6666666666666666,0.6160028527540048,0.637049787065545,,,,0
627,NN,"{'hidden_layer_sizes': (128, 128), 'activation': 'tanh', 'alpha': 0.01, 'learning_rate_init': 0.0001, 'max_iter': 1000, 'early_stopping': False}",freq,True,N/A,[],616,"[[0, 0], [17, 279]]",0.9421768707482993,0.8333333333333334,0.804421768707483,0.8175046554934823,,,,0
628,NN,"{'hidden_layer_sizes': (128, 128), 'activation': 'tanh', 'alpha': 0.001, 'learning_rate_init': 0.001, 'max_iter': 1000, 'early_stopping': False}",pca,False,10,['relationExtrusionWeight'],518,[[249]],1.0,1.0,1.0,1.0,,,,0
629,RF,"{'n_estimators': 500, 'max_depth': 30, 'min_samples_split': 10, 'max_features': 'log2'}",freq,True,N/A,"['relationExtrusionWeight', 'drugConcentration']",518,"[[0, 0], [40, 209]]",0.8162326726259878,0.6666666666666666,0.5747830029796606,0.6133803890813236,,,,0
630,SVM,"{'C': 100, 'kernel': 'rbf', 'gamma': 'auto'}",pca,True,20,[],616,"[[0, 0], [32, 264]]",0.891869651086241,0.6666666666666666,0.6126014922097872,0.6346787715208767,,,,0
632,RF,"{'n_estimators': 200, 'max_depth': 20, 'min_samples_split': 10, 'max_features': 'sqrt'}",pca,False,15,[],616,"[[0, 0], [31, 265]]",0.8952710116304585,0.6666666666666666,0.6143021724818959,0.6358714209062972,,,,0
633,RF,"{'n_estimators': 300, 'max_depth': None, 'min_samples_split': 2, 'max_features': 'log2'}",,False,N/A,['relationExtrusionWeight'],518,[[249]],1.0,1.0,1.0,1.0,,,,0
640,ET,"{'n_estimators': 200, 'max_depth': 5, 'min_samples_split': 10, 'max_features': 'sqrt'}",,True,N/A,"['relationExtrusionWeight', 'drugConcentration']",518,[[249]],1.0,1.0,1.0,1.0,,,,0
642,RF,"{'n_estimators': 500, 'max_depth': 5, 'min_samples_split': 10, 'max_features': 0.5}",pca,False,10,[],616,"[[0, 0], [32, 264]]",0.891869651086241,0.6666666666666666,0.6126014922097872,0.6346787715208767,,,,0
644,NN,"{'hidden_layer_sizes': (64,), 'activation': 'relu', 'alpha': 0.01, 'learning_rate_init': 0.001, 'max_iter': 1000, 'early_stopping': False}",freq,True,N/A,[],616,"[[0, 0], [18, 278]]",0.9387755102040817,0.8333333333333334,0.8027210884353742,0.8164794007490638,,,,0
645,NN,"{'hidden_layer_sizes': (128,), 'activation': 'tanh', 'alpha': 0.01, 'learning_rate_init': 0.0001, 'max_iter': 1000, 'early_stopping': False}",pca,False,20,[],616,"[[0, 0], [31, 265]]",0.8952710116304585,0.6666666666666666,0.6143021724818959,0.6358714209062972,,,,0
648,RF,"{'n_estimators': 100, 'max_depth': 10, 'min_samples_split': 10, 'max_features': 0.5}",freq,True,N/A,[],616,"[[0, 0], [17, 279]]",0.9428900592495063,0.6666666666666666,0.6381116962914198,0.6511770880191933,,,,0
649,SVM,"{'C': 100, 'kernel': 'poly', 'gamma': 'auto'}",freq,False,N/A,[],616,[[296]],1.0,1.0,1.0,1.0,,,,0
650,ET,"{'n_estimators': 200, 'max_depth': 5, 'min_samples_split': 10, 'max_features': 'log2'}",pca,False,15,[],616,"[[0, 0], [17, 279]]",0.9421768707482993,0.8333333333333334,0.804421768707483,0.8175046554934823,,,,0
651,RF,"{'n_estimators': 300, 'max_depth': 30, 'min_samples_split': 10, 'max_features': 'log2'}",freq,False,N/A,[],616,"[[0, 0], [16, 280]]",0.945578231292517,0.8333333333333334,0.8061224489795918,0.8185185185185185,,,,0
654,NN,"{'hidden_layer_sizes': (128,), 'activation': 'relu', 'alpha': 0.01, 'learning_rate_init': 0.001, 'max_iter': 1000, 'early_stopping': False}",,False,N/A,['relationExtrusionWeight'],518,[[249]],1.0,1.0,1.0,1.0,,,,0
656,RF,"{'n_estimators': 500, 'max_depth': None, 'min_samples_split': 10, 'max_features': 'log2'}",freq,False,N/A,[],616,"[[0, 0], [15, 281]]",0.9489795918367347,0.8333333333333334,0.8078231292517007,0.8195211786372006,,,,0
657,ET,"{'n_estimators': 100, 'max_depth': 30, 'min_samples_split': 2, 'max_features': 0.5}",freq,True,N/A,[],616,"[[0, 0], [17, 279]]",0.9428900592495063,0.6666666666666666,0.6381116962914198,0.6511770880191933,,,,0
661,ET,"{'n_estimators': 200, 'max_depth': 20, 'min_samples_split': 10, 'max_features': 0.5}",pca,True,20,[],616,"[[0, 0], [32, 264]]",0.8925828395874479,0.6666666666666666,0.6129580864603906,0.6351911711888203,,,,0
662,RF,"{'n_estimators': 100, 'max_depth': None, 'min_samples_split': 2, 'max_features': 'log2'}",freq,False,N/A,[],616,"[[0, 0], [15, 281]]",0.9489795918367347,0.8333333333333334,0.8078231292517007,0.8195211786372006,,,,0
664,ET,"{'n_estimators': 500, 'max_depth': 20, 'min_samples_split': 2, 'max_features': 'sqrt'}",pca,True,5,[],616,"[[0, 0], [33, 263]]",0.8880783350829434,0.5,0.4440391675414717,0.4673907176740811,,,,0
665,SVM,"{'C': 0.1, 'kernel': 'rbf', 'gamma': 'scale'}",pca,True,20,[],616,"[[0, 0], [7, 289]]",0.9761904761904763,0.8333333333333334,0.8214285714285715,0.8271604938271605,,,,0
666,ET,"{'n_estimators': 100, 'max_depth': 30, 'min_samples_split': 10, 'max_features': 'sqrt'}",pca,False,15,[],616,"[[0, 0], [34, 262]]",0.8872064955014264,0.6666666666666666,0.6102699144173799,0.6338139443017973,,,,0
672,NN,"{'hidden_layer_sizes': (256, 256), 'activation': 'tanh', 'alpha': 0.001, 'learning_rate_init': 0.0005, 'max_iter': 1000, 'early_stopping': False}",freq,False,N/A,[],616,"[[0, 0], [11, 285]]",0.9625850340136054,0.8333333333333334,0.814625850340136,0.8234234234234235,,,,0
673,RF,"{'n_estimators': 100, 'max_depth': 5, 'min_samples_split': 2, 'max_features': 'log2'}",freq,True,N/A,[],616,"[[0, 0], [15, 281]]",0.9489795918367347,0.8333333333333334,0.8078231292517007,0.8195211786372006,,,,0
674,SVM,"{'C': 1, 'kernel': 'poly', 'gamma': 'scale'}",pca,False,15,[],616,"[[0, 0], [32, 264]]",0.891869651086241,0.6666666666666666,0.6126014922097872,0.6346787715208767,,,,0
679,ET,"{'n_estimators': 100, 'max_depth': 30, 'min_samples_split': 10, 'max_features': 'log2'}",pca,False,15,[],616,"[[0, 0], [34, 262]]",0.8872064955014264,0.6666666666666666,0.6102699144173799,0.6338139443017973,,,,0
682,RF,"{'n_estimators': 300, 'max_depth': 20, 'min_samples_split': 10, 'max_features': 0.5}",freq,True,N/A,['relationExtrusionWeight'],518,"[[0, 0], [46, 203]]",0.7717320896489183,0.6666666666666666,0.5525327114911258,0.5933447749809306,,,,0
683,RF,"{'n_estimators': 500, 'max_depth': 5, 'min_samples_split': 2, 'max_features': 0.5}",pca,False,15,[],616,"[[0, 0], [32, 264]]",0.891869651086241,0.6666666666666666,0.6126014922097872,0.6346787715208767,,,,0
684,NN,"{'hidden_layer_sizes': (128, 128), 'activation': 'tanh', 'alpha': 0.001, 'learning_rate_init': 0.0001, 'max_iter': 1000, 'early_stopping': False}",pca,False,20,[],616,"[[0, 0], [31, 265]]",0.8952710116304585,0.6666666666666666,0.6143021724818959,0.6358714209062972,,,,0
688,SVM,"{'C': 1, 'kernel': 'linear', 'gamma': 'scale'}",freq,False,N/A,[],616,"[[0, 0], [7, 289]]",0.9761904761904763,0.8333333333333334,0.8214285714285715,0.8271604938271605,,,,0
690,SVM,"{'C': 1, 'kernel': 'poly', 'gamma': 'scale'}",pca,True,5,[],616,"[[0, 0], [26, 270]]",0.9122778143515471,0.6666666666666666,0.6228055738424403,0.6416254310991153,,,,0
695,ET,"{'n_estimators': 100, 'max_depth': None, 'min_samples_split': 2, 'max_features': 0.5}",pca,True,20,[],616,"[[0, 0], [71, 225]]",0.7877441299100285,0.6666666666666666,0.5605387316216809,0.6035349125972489,,,,0
696,RF,"{'n_estimators': 200, 'max_depth': 5, 'min_samples_split': 2, 'max_features': 'log2'}",freq,True,N/A,[],616,"[[0, 0], [15, 281]]",0.9489795918367347,0.8333333333333334,0.8078231292517007,0.8195211786372006,,,,0
702,NN,"{'hidden_layer_sizes': (256,), 'activation': 'relu', 'alpha': 0.01, 'learning_rate_init': 0.001, 'max_iter': 1000, 'early_stopping': False}",freq,False,N/A,[],616,"[[0, 0], [11, 285]]",0.9625850340136054,0.8333333333333334,0.814625850340136,0.8234234234234235,,,,0
703,NN,"{'hidden_layer_sizes': (64,), 'activation': 'relu', 'alpha': 0.0001, 'learning_rate_init': 0.0005, 'max_iter': 1000, 'early_stopping': False}",freq,True,N/A,[],616,"[[0, 0], [17, 279]]",0.9421768707482993,0.8333333333333334,0.804421768707483,0.8175046554934823,,,,0
705,SVM,"{'C': 10, 'kernel': 'poly', 'gamma': 'scale'}",freq,True,N/A,['drugConcentration'],616,"[[0, 0], [17, 279]]",0.9421768707482993,0.8333333333333334,0.804421768707483,0.8175046554934823,,,,0
708,NN,"{'hidden_layer_sizes': (64,), 'activation': 'relu', 'alpha': 0.01, 'learning_rate_init': 0.0001, 'max_iter': 1000, 'early_stopping': False}",pca,False,20,[],616,"[[0, 0], [31, 265]]",0.8952710116304585,0.6666666666666666,0.6143021724818959,0.6358714209062972,,,,0
714,NN,"{'hidden_layer_sizes': (256, 256), 'activation': 'tanh', 'alpha': 0.001, 'learning_rate_init': 0.0001, 'max_iter': 1000, 'early_stopping': False}",pca,False,10,[],616,"[[0, 0], [28, 268]]",0.9054750932631116,0.6666666666666666,0.6194042132982225,0.6393646838990968,,,,0
715,ET,"{'n_estimators': 300, 'max_depth': None, 'min_samples_split': 5, 'max_features': 'log2'}",pca,True,20,[],616,"[[0, 0], [40, 256]]",0.8710774632433619,0.6666666666666666,0.6022053982883476,0.6295433836185077,,,,0
717,SVM,"{'C': 10, 'kernel': 'linear', 'gamma': 'auto'}",freq,True,N/A,[],616,"[[0, 0], [16, 280]]",0.945578231292517,0.8333333333333334,0.8061224489795918,0.8185185185185185,,,,0
719,NN,"{'hidden_layer_sizes': (128, 128), 'activation': 'tanh', 'alpha': 0.0001, 'learning_rate_init': 0.0001, 'max_iter': 1000, 'early_stopping': False}",pca,True,5,[],616,"[[0, 0], [26, 270]]",0.9122778143515471,0.6666666666666666,0.6228055738424403,0.6416254310991153,,,,0
720,ET,"{'n_estimators': 200, 'max_depth': 10, 'min_samples_split': 5, 'max_features': 'log2'}",freq,True,N/A,"['relationExtrusionWeight', 'drugConcentration']",518,"[[0, 0], [36, 213]]",0.8350174893120871,0.6666666666666666,0.5841754113227102,0.6195929558156702,,,,0
722,ET,"{'n_estimators': 200, 'max_depth': 30, 'min_samples_split': 2, 'max_features': 'log2'}",pca,True,15,[],616,"[[0, 0], [66, 230]]",0.8011849901250822,0.6666666666666666,0.5672591617292078,0.608244297946503,,,,0
723,NN,"{'hidden_layer_sizes': (128, 128), 'activation': 'tanh', 'alpha': 0.0001, 'learning_rate_init': 0.001, 'max_iter': 1000, 'early_stopping': False}",pca,False,15,[],616,"[[0, 0], [31, 265]]",0.8952710116304585,0.6666666666666666,0.6143021724818959,0.6358714209062972,,,,0
728,SVM,"{'C': 100, 'kernel': 'poly', 'gamma': 'auto'}",pca,False,5,[],616,"[[0, 0], [18, 278]]",0.9394886987052885,0.6666666666666666,0.6364110160193109,0.650163224994157,,,,0
734,SVM,"{'C': 10, 'kernel': 'rbf', 'gamma': 'auto'}",pca,False,10,[],616,"[[0, 0], [32, 264]]",0.891869651086241,0.6666666666666666,0.6126014922097872,0.6346787715208767,,,,0
738,ET,"{'n_estimators': 500, 'max_depth': 20, 'min_samples_split': 2, 'max_features': 'log2'}",pca,False,20,['drugConcentration'],616,"[[0, 0], [53, 243]]",0.836844415185429,0.6666666666666666,0.5850888742593812,0.6198674080410608,,,,0
740,ET,"{'n_estimators': 300, 'max_depth': None, 'min_samples_split': 10, 'max_features': 'sqrt'}",pca,False,5,[],616,"[[0, 0], [32, 264]]",0.8925828395874479,0.6666666666666666,0.6129580864603906,0.6351911711888203,,,,0
741,ET,"{'n_estimators': 500, 'max_depth': 30, 'min_samples_split': 5, 'max_features': 'sqrt'}",freq,False,N/A,[],616,"[[0, 0], [17, 279]]",0.9428900592495063,0.6666666666666666,0.6381116962914198,0.6511770880191933,,,,0
744,NN,"{'hidden_layer_sizes': (256, 256), 'activation': 'relu', 'alpha': 0.01, 'learning_rate_init': 0.0001, 'max_iter': 1000, 'early_stopping': False}",pca,True,15,[],616,"[[0, 0], [31, 265]]",0.8952710116304585,0.6666666666666666,0.6143021724818959,0.6358714209062972,,,,0
746,ET,"{'n_estimators': 300, 'max_depth': None, 'min_samples_split': 2, 'max_features': 'sqrt'}",pca,True,10,[],616,"[[0, 0], [31, 265]]",0.8952710116304585,0.6666666666666666,0.6143021724818959,0.6358714209062972,,,,0
750,ET,"{'n_estimators': 200, 'max_depth': 20, 'min_samples_split': 2, 'max_features': 0.5}",freq,True,N/A,[],616,"[[0, 0], [17, 279]]",0.9428900592495063,0.6666666666666666,0.6381116962914198,0.6511770880191933,,,,0
754,RF,"{'n_estimators': 200, 'max_depth': 5, 'min_samples_split': 5, 'max_features': 0.5}",pca,True,15,[],616,"[[0, 0], [32, 264]]",0.891869651086241,0.6666666666666666,0.6126014922097872,0.6346787715208767,,,,0
760,NN,"{'hidden_layer_sizes': (64,), 'activation': 'tanh', 'alpha': 0.0001, 'learning_rate_init': 0.0001, 'max_iter': 1000, 'early_stopping': False}",pca,True,5,[],616,"[[0, 0], [26, 270]]",0.9122778143515471,0.6666666666666666,0.6228055738424403,0.6416254310991153,,,,0
761,NN,"{'hidden_layer_sizes': (256, 256), 'activation': 'relu', 'alpha': 0.001, 'learning_rate_init': 0.0005, 'max_iter': 1000, 'early_stopping': False}",freq,True,N/A,"['relationExtrusionWeight', 'drugConcentration']",518,"[[0, 0], [56, 193]]",0.7546962041715247,0.6666666666666666,0.544014768752429,0.5890642201834863,,,,0
763,ET,"{'n_estimators': 200, 'max_depth': 5, 'min_samples_split': 5, 'max_features': 'log2'}",,True,N/A,['relationExtrusionWeight'],518,[[249]],1.0,1.0,1.0,1.0,,,,0
764,SVM,"{'C': 100, 'kernel': 'poly', 'gamma': 'scale'}",pca,True,15,[],616,"[[0, 0], [31, 265]]",0.8945578231292517,0.8333333333333334,0.7806122448979592,0.8020202020202021,,,,0
769,SVM,"{'C': 1, 'kernel': 'poly', 'gamma': 'auto'}",pca,False,5,['drugConcentration'],616,"[[0, 0], [175, 121]]",0.43603396022750857,0.5,0.21801698011375428,0.2679058127974537,,,,0
775,NN,"{'hidden_layer_sizes': (128, 128), 'activation': 'tanh', 'alpha': 0.001, 'learning_rate_init': 0.0005, 'max_iter': 1000, 'early_stopping': False}",pca,True,10,[],616,"[[0, 0], [32, 264]]",0.891869651086241,0.6666666666666666,0.6126014922097872,0.6346787715208767,,,,0
779,RF,"{'n_estimators': 100, 'max_depth': 20, 'min_samples_split': 5, 'max_features': 'sqrt'}",freq,True,N/A,[],616,"[[0, 0], [17, 279]]",0.9428900592495063,0.6666666666666666,0.6381116962914198,0.6511770880191933,,,,0
782,NN,"{'hidden_layer_sizes': (64, 64), 'activation': 'tanh', 'alpha': 0.0001, 'learning_rate_init': 0.0001, 'max_iter': 1000, 'early_stopping': False}",freq,False,N/A,[],616,"[[0, 0], [7, 289]]",0.9761904761904763,0.8333333333333334,0.8214285714285715,0.8271604938271605,,,,0
784,ET,"{'n_estimators': 300, 'max_depth': 10, 'min_samples_split': 2, 'max_features': 0.5}",pca,True,15,[],616,"[[0, 0], [66, 230]]",0.8011849901250822,0.6666666666666666,0.5672591617292078,0.608244297946503,,,,0
786,ET,"{'n_estimators': 200, 'max_depth': 5, 'min_samples_split': 10, 'max_features': 'sqrt'}",pca,False,10,[],616,"[[0, 0], [19, 277]]",0.935374149659864,0.8333333333333334,0.8010204081632653,0.815442561205273,,,,0
788,ET,"{'n_estimators': 300, 'max_depth': 5, 'min_samples_split': 2, 'max_features': 0.5}",freq,True,N/A,[],616,"[[0, 0], [14, 282]]",0.9523809523809524,0.8333333333333334,0.8095238095238096,0.8205128205128206,,,,0
789,NN,"{'hidden_layer_sizes': (128,), 'activation': 'relu', 'alpha': 0.001, 'learning_rate_init': 0.001, 'max_iter': 1000, 'early_stopping': False}",freq,False,N/A,['drugConcentration'],616,"[[0, 0], [26, 270]]",0.9071520500091929,0.6666666666666666,0.6202426916712631,0.6409642401021711,,,,0
793,RF,"{'n_estimators': 500, 'max_depth': 30, 'min_samples_split': 2, 'max_features': 'log2'}",pca,False,10,[],616,"[[0, 0], [30, 266]]",0.8986723721746763,0.6666666666666666,0.6160028527540048,0.637049787065545,,,,0
796,NN,"{'hidden_layer_sizes': (64, 64), 'activation': 'relu', 'alpha': 0.01, 'learning_rate_init': 0.001, 'max_iter': 1000, 'early_stopping': False}",pca,False,20,[],616,"[[0, 0], [32, 264]]",0.891869651086241,0.6666666666666666,0.6126014922097872,0.6346787715208767,,,,0
798,NN,"{'hidden_layer_sizes': (64, 64), 'activation': 'tanh', 'alpha': 0.01, 'learning_rate_init': 0.0001, 'max_iter': 1000, 'early_stopping': False}",pca,True,15,[],616,"[[0, 0], [31, 265]]",0.8952710116304585,0.6666666666666666,0.6143021724818959,0.6358714209062972,,,,0
803,SVM,"{'C': 1, 'kernel': 'linear', 'gamma': 'auto'}",pca,True,5,[],616,"[[0, 0], [32, 264]]",0.891869651086241,0.6666666666666666,0.6126014922097872,0.6346787715208767,,,,0
805,ET,"{'n_estimators': 500, 'max_depth': 20, 'min_samples_split': 10, 'max_features': 0.5}",pca,True,15,[],616,"[[0, 0], [36, 260]]",0.8818301514154049,0.6666666666666666,0.6075817423743691,0.6324139533339971,,,,0
808,SVM,"{'C': 10, 'kernel': 'rbf', 'gamma': 'auto'}",pca,False,15,['drugConcentration'],616,"[[0, 0], [38, 258]]",0.871004809944902,0.5,0.435502404972451,0.46300188692901306,,,,0
810,NN,"{'hidden_layer_sizes': (256,), 'activation': 'relu', 'alpha': 0.001, 'learning_rate_init': 0.0005, 'max_iter': 1000, 'early_stopping': False}",freq,False,N/A,[],616,"[[0, 0], [11, 285]]",0.9625850340136054,0.8333333333333334,0.814625850340136,0.8234234234234235,,,,0
811,ET,"{'n_estimators': 500, 'max_depth': 10, 'min_samples_split': 2, 'max_features': 'log2'}",freq,True,N/A,[],616,"[[0, 0], [15, 281]]",0.9489795918367347,0.8333333333333334,0.8078231292517007,0.8195211786372006,,,,0
813,SVM,"{'C': 10, 'kernel': 'rbf', 'gamma': 'auto'}",,False,N/A,['relationExtrusionWeight'],518,[[249]],1.0,1.0,1.0,1.0,,,,0
816,NN,"{'hidden_layer_sizes': (128, 128), 'activation': 'relu', 'alpha': 0.0001, 'learning_rate_init': 0.001, 'max_iter': 1000, 'early_stopping': False}",pca,False,5,[],616,"[[0, 0], [32, 264]]",0.891869651086241,0.6666666666666666,0.6126014922097872,0.6346787715208767,,,,0
818,SVM,"{'C': 10, 'kernel': 'rbf', 'gamma': 'auto'}",freq,True,N/A,[],616,"[[0, 0], [15, 281]]",0.9489795918367347,0.8333333333333334,0.8078231292517007,0.8195211786372006,,,,0
821,SVM,"{'C': 100, 'kernel': 'poly', 'gamma': 'scale'}",pca,True,10,[],616,"[[0, 0], [31, 265]]",0.8945578231292517,0.8333333333333334,0.7806122448979592,0.8020202020202021,,,,0
822,NN,"{'hidden_layer_sizes': (64,), 'activation': 'relu', 'alpha': 0.0001, 'learning_rate_init': 0.0001, 'max_iter': 1000, 'early_stopping': False}",pca,True,20,[],616,"[[0, 0], [31, 265]]",0.8952710116304585,0.6666666666666666,0.6143021724818959,0.6358714209062972,,,,0
823,ET,"{'n_estimators': 100, 'max_depth': None, 'min_samples_split': 5, 'max_features': 'sqrt'}",freq,False,N/A,[],616,"[[0, 0], [16, 280]]",0.945578231292517,0.8333333333333334,0.8061224489795918,0.8185185185185185,,,,0
825,ET,"{'n_estimators': 200, 'max_depth': None, 'min_samples_split': 10, 'max_features': 'sqrt'}",pca,True,20,[],616,"[[0, 0], [32, 264]]",0.8925828395874479,0.6666666666666666,0.6129580864603906,0.6351911711888203,,,,0
827,RF,"{'n_estimators': 100, 'max_depth': 30, 'min_samples_split': 2, 'max_features': 'sqrt'}",pca,False,15,[],616,"[[0, 0], [27, 269]]",0.9088764538073294,0.6666666666666666,0.6211048935703314,0.6405017067555767,,,,0
829,ET,"{'n_estimators': 100, 'max_depth': 10, 'min_samples_split': 2, 'max_features': 'sqrt'}",pca,False,10,[],616,"[[0, 0], [30, 266]]",0.8986723721746763,0.6666666666666666,0.6160028527540048,0.637049787065545,,,,0
832,RF,"{'n_estimators': 500, 'max_depth': 10, 'min_samples_split': 5, 'max_features': 'sqrt'}",pca,True,15,[],616,"[[0, 0], [31, 265]]",0.8952710116304585,0.6666666666666666,0.6143021724818959,0.6358714209062972,,,,0
833,RF,"{'n_estimators': 200, 'max_depth': None, 'min_samples_split': 2, 'max_features': 0.5}",pca,True,15,[],616,"[[0, 0], [30, 266]]",0.8986723721746763,0.6666666666666666,0.6160028527540048,0.637049787065545,,,,0
838,NN,"{'hidden_layer_sizes': (128,), 'activation': 'relu', 'alpha': 0.01, 'learning_rate_init': 0.0005, 'max_iter': 1000, 'early_stopping': False}",pca,True,5,[],616,"[[0, 0], [32, 264]]",0.891869651086241,0.6666666666666666,0.6126014922097872,0.6346787715208767,,,,0
839,ET,"{'n_estimators': 300, 'max_depth': 10, 'min_samples_split': 5, 'max_features': 'sqrt'}",pca,False,5,[],616,"[[0, 0], [31, 265]]",0.8952710116304585,0.6666666666666666,0.6143021724818959,0.6358714209062972,,,,0
846,RF,"{'n_estimators': 200, 'max_depth': None, 'min_samples_split': 10, 'max_features': 'log2'}",pca,False,5,[],616,"[[0, 0], [30, 266]]",0.8986723721746763,0.6666666666666666,0.6160028527540048,0.637049787065545,,,,0
850,NN,"{'hidden_layer_sizes': (64,), 'activation': 'relu', 'alpha': 0.01, 'learning_rate_init': 0.001, 'max_iter': 1000, 'early_stopping': False}",pca,False,20,[],616,"[[0, 0], [31, 265]]",0.8952710116304585,0.6666666666666666,0.6143021724818959,0.6358714209062972,,,,0
851,RF,"{'n_estimators': 300, 'max_depth': None, 'min_samples_split': 5, 'max_features': 'log2'}",pca,False,5,[],616,"[[0, 0], [29, 267]]",0.9020737327188941,0.6666666666666666,0.6177035330261137,0.6382141250562303,,,,0
854,NN,"{'hidden_layer_sizes': (256,), 'activation': 'relu', 'alpha': 0.0001, 'learning_rate_init': 0.0001, 'max_iter': 1000, 'early_stopping': False}",freq,False,N/A,[],616,"[[0, 0], [5, 291]]",0.9829931972789115,0.8333333333333334,0.8248299319727891,0.8289703315881326,,,,0
855,ET,"{'n_estimators': 200, 'max_depth': 30, 'min_samples_split': 2, 'max_features': 0.5}",pca,True,20,[],616,"[[0, 0], [71, 225]]",0.7877441299100285,0.6666666666666666,0.5605387316216809,0.6035349125972489,,,,0
858,SVM,"{'C': 0.1, 'kernel': 'poly', 'gamma': 'scale'}",pca,True,20,[],616,"[[0, 0], [16, 280]]",0.9462914197937241,0.6666666666666666,0.6398123765635287,0.6521797481378755,,,,0
859,ET,"{'n_estimators': 300, 'max_depth': 20, 'min_samples_split': 10, 'max_features': 0.5}",,True,N/A,['drugConcentration'],616,"[[0, 0], [59, 237]]",0.8263541685200672,0.5,0.4131770842600336,0.4498908080206472,,,,0
860,ET,"{'n_estimators': 100, 'max_depth': 20, 'min_samples_split': 5, 'max_features': 'sqrt'}",pca,False,10,[],616,"[[0, 0], [32, 264]]",0.8925828395874479,0.6666666666666666,0.6129580864603906,0.6351911711888203,,,,0
863,RF,"{'n_estimators': 300, 'max_depth': 5, 'min_samples_split': 2, 'max_features': 0.5}",pca,False,20,['relationExtrusionWeight'],518,"[[0, 0], [34, 215]]",0.8580126959450706,0.6666666666666666,0.595673014639202,0.6243464052287582,,,,0
868,RF,"{'n_estimators': 200, 'max_depth': None, 'min_samples_split': 5, 'max_features': 0.5}",pca,False,10,[],616,"[[0, 0], [30, 266]]",0.8986723721746763,0.6666666666666666,0.6160028527540048,0.637049787065545,,,,0
869,NN,"{'hidden_layer_sizes': (64, 64), 'activation': 'relu', 'alpha': 0.0001, 'learning_rate_init': 0.0001, 'max_iter': 1000, 'early_stopping': False}",pca,False,20,[],616,"[[0, 0], [31, 265]]",0.8952710116304585,0.6666666666666666,0.6143021724818959,0.6358714209062972,,,,0
870,ET,"{'n_estimators': 100, 'max_depth': 20, 'min_samples_split': 2, 'max_features': 'sqrt'}",freq,False,N/A,[],616,"[[0, 0], [16, 280]]",0.945578231292517,0.8333333333333334,0.8061224489795918,0.8185185185185185,,,,0
871,NN,"{'hidden_layer_sizes': (128, 128), 'activation': 'tanh', 'alpha': 0.0001, 'learning_rate_init': 0.0001, 'max_iter': 1000, 'early_stopping': False}",pca,False,15,[],616,"[[0, 0], [31, 265]]",0.8952710116304585,0.6666666666666666,0.6143021724818959,0.6358714209062972,,,,0
874,NN,"{'hidden_layer_sizes': (128, 128), 'activation': 'tanh', 'alpha': 0.01, 'learning_rate_init': 0.0001, 'max_iter': 1000, 'early_stopping': False}",pca,False,10,[],616,"[[0, 0], [26, 270]]",0.9122778143515471,0.6666666666666666,0.6228055738424403,0.6416254310991153,,,,0
876,RF,"{'n_estimators': 100, 'max_depth': 30, 'min_samples_split': 2, 'max_features': 0.5}",pca,True,10,[],616,"[[0, 0], [29, 267]]",0.9020737327188941,0.6666666666666666,0.6177035330261137,0.6382141250562303,,,,0
883,RF,"{'n_estimators': 500, 'max_depth': 5, 'min_samples_split': 5, 'max_features': 'sqrt'}",pca,False,20,[],616,"[[0, 0], [32, 264]]",0.891869651086241,0.6666666666666666,0.6126014922097872,0.6346787715208767,,,,0
885,NN,"{'hidden_layer_sizes': (256, 256), 'activation': 'relu', 'alpha': 0.001, 'learning_rate_init': 0.0005, 'max_iter': 1000, 'early_stopping': False}",freq,True,N/A,[],616,"[[0, 0], [19, 277]]",0.935374149659864,0.8333333333333334,0.8010204081632653,0.815442561205273,,,,0
886,RF,"{'n_estimators': 100, 'max_depth': None, 'min_samples_split': 10, 'max_features': 'sqrt'}",freq,False,N/A,[],616,"[[0, 0], [16, 280]]",0.945578231292517,0.8333333333333334,0.8061224489795918,0.8185185185185185,,,,0
887,RF,"{'n_estimators': 200, 'max_depth': 10, 'min_samples_split': 2, 'max_features': 'sqrt'}",pca,True,5,[],616,"[[0, 0], [30, 266]]",0.8986723721746763,0.6666666666666666,0.6160028527540048,0.637049787065545,,,,0
897,NN,"{'hidden_layer_sizes': (64,), 'activation': 'tanh', 'alpha': 0.01, 'learning_rate_init': 0.0005, 'max_iter': 1000, 'early_stopping': False}",pca,True,15,[],616,"[[0, 0], [31, 265]]",0.8952710116304585,0.6666666666666666,0.6143021724818959,0.6358714209062972,,,,0
899,NN,"{'hidden_layer_sizes': (256, 256), 'activation': 'relu', 'alpha': 0.001, 'learning_rate_init': 0.0001, 'max_iter': 1000, 'early_stopping': False}",freq,True,N/A,[],616,"[[0, 0], [18, 278]]",0.9387755102040817,0.8333333333333334,0.8027210884353742,0.8164794007490638,,,,0
903,RF,"{'n_estimators': 200, 'max_depth': 20, 'min_samples_split': 5, 'max_features': 'log2'}",pca,True,20,[],616,"[[0, 0], [31, 265]]",0.8952710116304585,0.6666666666666666,0.6143021724818959,0.6358714209062972,,,,0
906,NN,"{'hidden_layer_sizes': (128, 128), 'activation': 'relu', 'alpha': 0.0001, 'learning_rate_init': 0.0001, 'max_iter': 1000, 'early_stopping': False}",pca,False,15,[],616,"[[0, 0], [31, 265]]",0.8952710116304585,0.6666666666666666,0.6143021724818959,0.6358714209062972,,,,0
907,RF,"{'n_estimators': 300, 'max_depth': 20, 'min_samples_split': 5, 'max_features': 'sqrt'}",pca,True,20,[],616,"[[0, 0], [30, 266]]",0.8986723721746763,0.6666666666666666,0.6160028527540048,0.637049787065545,,,,0
913,ET,"{'n_estimators': 500, 'max_depth': 5, 'min_samples_split': 10, 'max_features': 0.5}",pca,False,20,[],616,"[[0, 0], [19, 277]]",0.935374149659864,0.8333333333333334,0.8010204081632653,0.815442561205273,,,,0
918,NN,"{'hidden_layer_sizes': (128,), 'activation': 'tanh', 'alpha': 0.0001, 'learning_rate_init': 0.001, 'max_iter': 1000, 'early_stopping': False}",pca,False,15,[],616,"[[0, 0], [31, 265]]",0.8952710116304585,0.6666666666666666,0.6143021724818959,0.6358714209062972,,,,0
920,RF,"{'n_estimators': 100, 'max_depth': 20, 'min_samples_split': 2, 'max_features': 'sqrt'}",pca,False,10,[],616,"[[0, 0], [31, 265]]",0.8952710116304585,0.6666666666666666,0.6143021724818959,0.6358714209062972,,,,0
921,ET,"{'n_estimators': 300, 'max_depth': 20, 'min_samples_split': 5, 'max_features': 0.5}",pca,True,20,[],616,"[[0, 0], [61, 235]]",0.814625850340136,0.6666666666666666,0.5739795918367346,0.612736660929432,,,,0
927,NN,"{'hidden_layer_sizes': (256, 256), 'activation': 'tanh', 'alpha': 0.001, 'learning_rate_init': 0.001, 'max_iter': 1000, 'early_stopping': False}",freq,True,N/A,[],616,"[[0, 0], [14, 282]]",0.9523809523809524,0.8333333333333334,0.8095238095238096,0.8205128205128206,,,,0
929,ET,"{'n_estimators': 100, 'max_depth': 10, 'min_samples_split': 5, 'max_features': 'sqrt'}",pca,False,5,[],616,"[[0, 0], [31, 265]]",0.8952710116304585,0.6666666666666666,0.6143021724818959,0.6358714209062972,,,,0
930,RF,"{'n_estimators': 500, 'max_depth': 20, 'min_samples_split': 10, 'max_features': 'sqrt'}",pca,False,5,[],616,"[[0, 0], [30, 266]]",0.8986723721746763,0.6666666666666666,0.6160028527540048,0.637049787065545,,,,0
933,ET,"{'n_estimators': 300, 'max_depth': 5, 'min_samples_split': 10, 'max_features': 'log2'}",freq,False,N/A,[],616,"[[0, 0], [5, 291]]",0.9829931972789115,0.8333333333333334,0.8248299319727891,0.8289703315881326,,,,0
938,RF,"{'n_estimators': 500, 'max_depth': 30, 'min_samples_split': 2, 'max_features': 'log2'}",freq,True,N/A,[],616,"[[0, 0], [16, 280]]",0.9462914197937241,0.6666666666666666,0.6398123765635287,0.6521797481378755,,,,0
941,NN,"{'hidden_layer_sizes': (64, 64), 'activation': 'tanh', 'alpha': 0.01, 'learning_rate_init': 0.0005, 'max_iter': 1000, 'early_stopping': False}",pca,False,15,['drugConcentration'],616,"[[0, 0], [31, 265]]",0.894167867670172,0.5,0.447083933835086,0.4692493335508057,,,,0
942,RF,"{'n_estimators': 500, 'max_depth': None, 'min_samples_split': 2, 'max_features': 'log2'}",pca,False,20,[],616,"[[0, 0], [30, 266]]",0.8986723721746763,0.6666666666666666,0.6160028527540048,0.637049787065545,,,,0
944,NN,"{'hidden_layer_sizes': (128,), 'activation': 'relu', 'alpha': 0.001, 'learning_rate_init': 0.0005, 'max_iter': 1000, 'early_stopping': False}",freq,True,N/A,[],616,"[[0, 0], [17, 279]]",0.9421768707482993,0.8333333333333334,0.804421768707483,0.8175046554934823,,,,0
946,ET,"{'n_estimators': 100, 'max_depth': 30, 'min_samples_split': 2, 'max_features': 'log2'}",freq,True,N/A,[],616,"[[0, 0], [16, 280]]",0.945578231292517,0.8333333333333334,0.8061224489795918,0.8185185185185185,,,,0
949,NN,"{'hidden_layer_sizes': (64,), 'activation': 'relu', 'alpha': 0.001, 'learning_rate_init': 0.0005, 'max_iter': 1000, 'early_stopping': False}",freq,True,N/A,[],616,"[[0, 0], [17, 279]]",0.9421768707482993,0.8333333333333334,0.804421768707483,0.8175046554934823,,,,0
954,ET,"{'n_estimators': 500, 'max_depth': 5, 'min_samples_split': 10, 'max_features': 0.5}",pca,True,10,[],616,"[[0, 0], [26, 270]]",0.9122778143515471,0.6666666666666666,0.6228055738424403,0.6416254310991153,,,,0
956,RF,"{'n_estimators': 500, 'max_depth': 20, 'min_samples_split': 2, 'max_features': 0.5}",pca,True,15,[],616,"[[0, 0], [29, 267]]",0.9020737327188941,0.6666666666666666,0.6177035330261137,0.6382141250562303,,,,0
958,RF,"{'n_estimators': 200, 'max_depth': 20, 'min_samples_split': 5, 'max_features': 0.5}",pca,False,5,[],616,"[[0, 0], [29, 267]]",0.9020737327188941,0.6666666666666666,0.6177035330261137,0.6382141250562303,,,,0
959,ET,"{'n_estimators': 300, 'max_depth': 10, 'min_samples_split': 10, 'max_features': 'log2'}",freq,False,N/A,[],616,"[[0, 0], [16, 280]]",0.945578231292517,0.8333333333333334,0.8061224489795918,0.8185185185185185,,,,0
961,RF,"{'n_estimators': 300, 'max_depth': 10, 'min_samples_split': 10, 'max_features': 'sqrt'}",,False,N/A,['relationExtrusionWeight'],518,[[249]],1.0,1.0,1.0,1.0,,,,0
963,NN,"{'hidden_layer_sizes': (128,), 'activation': 'tanh', 'alpha': 0.01, 'learning_rate_init': 0.001, 'max_iter': 1000, 'early_stopping': False}",freq,False,N/A,[],616,"[[0, 0], [9, 287]]",0.9693877551020408,0.8333333333333334,0.8180272108843537,0.8253119429590018,,,,0
966,ET,"{'n_estimators': 200, 'max_depth': 30, 'min_samples_split': 5, 'max_features': 'sqrt'}",freq,False,N/A,[],616,"[[0, 0], [16, 280]]",0.945578231292517,0.8333333333333334,0.8061224489795918,0.8185185185185185,,,,0
967,RF,"{'n_estimators': 200, 'max_depth': None, 'min_samples_split': 5, 'max_features': 0.5}",freq,True,N/A,[],616,"[[0, 0], [17, 279]]",0.9428900592495063,0.6666666666666666,0.6381116962914198,0.6511770880191933,,,,0
971,ET,"{'n_estimators': 500, 'max_depth': 20, 'min_samples_split': 2, 'max_features': 'log2'}",pca,True,5,[],616,"[[0, 0], [33, 263]]",0.8880783350829434,0.5,0.4440391675414717,0.4673907176740811,,,,0
974,NN,"{'hidden_layer_sizes': (128,), 'activation': 'tanh', 'alpha': 0.001, 'learning_rate_init': 0.0001, 'max_iter': 1000, 'early_stopping': False}",pca,False,20,[],616,"[[0, 0], [31, 265]]",0.8952710116304585,0.6666666666666666,0.6143021724818959,0.6358714209062972,,,,0
975,NN,"{'hidden_layer_sizes': (256,), 'activation': 'relu', 'alpha': 0.0001, 'learning_rate_init': 0.0001, 'max_iter': 1000, 'early_stopping': False}",pca,True,5,[],616,"[[0, 0], [29, 267]]",0.9020737327188941,0.6666666666666666,0.6177035330261137,0.6382141250562303,,,,0
987,SVM,"{'C': 1, 'kernel': 'rbf', 'gamma': 'scale'}",freq,False,N/A,"['relationExtrusionWeight', 'drugConcentration']",518,[[249]],1.0,1.0,1.0,1.0,,,,0
989,RF,"{'n_estimators': 100, 'max_depth': 5, 'min_samples_split': 2, 'max_features': 'log2'}",freq,False,N/A,[],616,"[[0, 0], [15, 281]]",0.9489795918367347,0.8333333333333334,0.8078231292517007,0.8195211786372006,,,,0
992,ET,"{'n_estimators': 300, 'max_depth': 10, 'min_samples_split': 5, 'max_features': 'sqrt'}",pca,True,20,[],616,"[[0, 0], [31, 265]]",0.8952710116304585,0.6666666666666666,0.6143021724818959,0.6358714209062972,,,,0
993,RF,"{'n_estimators': 200, 'max_depth': 5, 'min_samples_split': 10, 'max_features': 'log2'}",pca,True,15,[],616,"[[0, 0], [32, 264]]",0.891869651086241,0.6666666666666666,0.6126014922097872,0.6346787715208767,,,,0
997,SVM,"{'C': 10, 'kernel': 'rbf', 'gamma': 'auto'}",pca,False,5,['drugConcentration'],616,"[[0, 0], [47, 249]]",0.8471344945999325,0.5,0.42356724729996625,0.4572488985618959,,,,0
1000,ET,"{'n_estimators': 100, 'max_depth': 10, 'min_samples_split': 5, 'max_features': 'log2'}",freq,True,N/A,[],616,"[[0, 0], [16, 280]]",0.945578231292517,0.8333333333333334,0.8061224489795918,0.8185185185185185,,,,0
